name,full_path,extension,pair_key,side,size_bytes
UD_001_A_073_03_a.jpg,C:\Users\Meybells\Downloads\incoming-assets\inventory-photos\s-and-s-sports-memorabilia\4UP\oriented\UD_001_A_073_03_a.jpg,.jpg,UD_001_A_073_03,a,23758885
UD_001_A_073_03_b.jpg,C:\Users\Meybells\Downloads\incoming-assets\inventory-photos\s-and-s-sports-memorabilia\4UP\oriented\UD_001_A_073_03_b.jpg,.jpg,UD_001_A_073_03,b,20801060
UD_001_A_073_04_a.jpg,C:\Users\Meybells\Downloads\incoming-assets\inventory-photos\s-and-s-sports-memorabilia\4UP\oriented\UD_001_A_073_04_a.jpg,.jpg,UD_001_A_073_04,a,23758885
UD_001_A_073_04_b.jpg,C:\Users\Meybells\Downloads\incoming-assets\inventory-photos\s-and-s-sports-memorabilia\4UP\oriented\UD_001_A_073_04_b.jpg,.jpg,UD_001_A_073_04,b,20801060
UD_001_A_074_01_a.jpg,C:\Users\Meybells\Downloads\incoming-assets\inventory-photos\s-and-s-sports-memorabilia\4UP\oriented\UD_001_A_074_01_a.jpg,.jpg,UD_001_A_074_01,a,25314235
UD_001_A_074_01_b.jpg,C:\Users\Meybells\Downloads\incoming-assets\inventory-photos\s-and-s-sports-memorabilia\4UP\oriented\UD_001_A_074_01_b.jpg,.jpg,UD_001_A_074_01,b,15012504
UD_001_A_074_02_a.jpg,C:\Users\Meybells\Downloads\incoming-assets\inventory-photos\s-and-s-sports-memorabilia\4UP\oriented\UD_001_A_074_02_a.jpg,.jpg,UD_001_A_074_02,a,25314235
UD_001_A_074_02_b.jpg,C:\Users\Meybells\Downloads\incoming-assets\inventory-photos\s-and-s-sports-memorabilia\4UP\oriented\UD_001_A_074_02_b.jpg,.jpg,UD_001_A_074_02,b,15012504
UD_001_A_074_03_a.jpg,C:\Users\Meybells\Downloads\incoming-assets\inventory-photos\s-and-s-sports-memorabilia\4UP\oriented\UD_001_A_074_03_a.jpg,.jpg,UD_001_A_074_03,a,25314235
UD_001_A_074_03_b.jpg,C:\Users\Meybells\Downloads\incoming-assets\inventory-photos\s-and-s-sports-memorabilia\4UP\oriented\UD_001_A_074_03_b.jpg,.jpg,UD_001_A_074_03,b,15012504
UD_001_A_074_04_a.jpg,C:\Users\Meybells\Downloads\incoming-assets\inventory-photos\s-and-s-sports-memorabilia\4UP\oriented\UD_001_A_074_04_a.jpg,.jpg,UD_001_A_074_04,a,25314235
UD_001_A_074_04_b.jpg,C:\Users\Meybells\Downloads\incoming-assets\inventory-photos\s-and-s-sports-memorabilia\4UP\oriented\UD_001_A_074_04_b.jpg,.jpg,UD_001_A_074_04,b,15012504
UD_001_B_045_01_a.jpg,C:\Users\Meybells\Downloads\incoming-assets\inventory-photos\s-and-s-sports-memorabilia\4UP\oriented\UD_001_B_045_01_a.jpg,.jpg,UD_001_B_045_01,a,25186663
UD_001_B_045_01_b.jpg,C:\Users\Meybells\Downloads\incoming-assets\inventory-photos\s-and-s-sports-memorabilia\4UP\oriented\UD_001_B_045_01_b.jpg,.jpg,UD_001_B_045_01,b,21375055
UD_001_B_045_02_a.jpg,C:\Users\Meybells\Downloads\incoming-assets\inventory-photos\s-and-s-sports-memorabilia\4UP\oriented\UD_001_B_045_02_a.jpg,.jpg,UD_001_B_045_02,a,25186663
UD_001_B_045_02_b.jpg,C:\Users\Meybells\Downloads\incoming-assets\inventory-photos\s-and-s-sports-memorabilia\4UP\oriented\UD_001_B_045_02_b.jpg,.jpg,UD_001_B_045_02,b,21375055
UD_001_B_045_03_a.jpg,C:\Users\Meybells\Downloads\incoming-assets\inventory-photos\s-and-s-sports-memorabilia\4UP\oriented\UD_001_B_045_03_a.jpg,.jpg,UD_001_B_045_03,a,25186663
UD_001_B_045_03_b.jpg,C:\Users\Meybells\Downloads\incoming-assets\inventory-photos\s-and-s-sports-memorabilia\4UP\oriented\UD_001_B_045_03_b.jpg,.jpg,UD_001_B_045_03,b,21375055
UD_001_B_045_04_a.jpg,C:\Users\Meybells\Downloads\incoming-assets\inventory-photos\s-and-s-sports-memorabilia\4UP\oriented\UD_001_B_045_04_a.jpg,.jpg,UD_001_B_045_04,a,25186663
UD_001_B_045_04_b.jpg,C:\Users\Meybells\Downloads\incoming-assets\inventory-photos\s-and-s-sports-memorabilia\4UP\oriented\UD_001_B_045_04_b.jpg,.jpg,UD_001_B_045_04,b,21375055
UD_001_B_046_01_a.jpg,C:\Users\Meybells\Downloads\incoming-assets\inventory-photos\s-and-s-sports-memorabilia\4UP\oriented\UD_001_B_046_01_a.jpg,.jpg,UD_001_B_046_01,a,21932324
UD_001_B_046_01_b.jpg,C:\Users\Meybells\Downloads\incoming-assets\inventory-photos\s-and-s-sports-memorabilia\4UP\oriented\UD_001_B_046_01_b.jpg,.jpg,UD_001_B_046_01,b,21637960
UD_001_B_046_02_a.jpg,C:\Users\Meybells\Downloads\incoming-assets\inventory-photos\s-and-s-sports-memorabilia\4UP\oriented\UD_001_B_046_02_a.jpg,.jpg,UD_001_B_046_02,a,21932324
UD_001_B_046_02_b.jpg,C:\Users\Meybells\Downloads\incoming-assets\inventory-photos\s-and-s-sports-memorabilia\4UP\oriented\UD_001_B_046_02_b.jpg,.jpg,UD_001_B_046_02,b,21637960
UD_001_B_046_03_a.jpg,C:\Users\Meybells\Downloads\incoming-assets\inventory-photos\s-and-s-sports-memorabilia\4UP\oriented\UD_001_B_046_03_a.jpg,.jpg,UD_001_B_046_03,a,21932324
UD_001_B_046_03_b.jpg,C:\Users\Meybells\Downloads\incoming-assets\inventory-photos\s-and-s-sports-memorabilia\4UP\oriented\UD_001_B_046_03_b.jpg,.jpg,UD_001_B_046_03,b,21637960
UD_001_B_046_04_a.jpg,C:\Users\Meybells\Downloads\incoming-assets\inventory-photos\s-and-s-sports-memorabilia\4UP\oriented\UD_001_B_046_04_a.jpg,.jpg,UD_001_B_046_04,a,21932324
UD_001_B_046_04_b.jpg,C:\Users\Meybells\Downloads\incoming-assets\inventory-photos\s-and-s-sports-memorabilia\4UP\oriented\UD_001_B_046_04_b.jpg,.jpg,UD_001_B_046_04,b,21637960
UD_001_B_047_01_a.jpg,C:\Users\Meybells\Downloads\incoming-assets\inventory-photos\s-and-s-sports-memorabilia\4UP\oriented\UD_001_B_047_01_a.jpg,.jpg,UD_001_B_047_01,a,25366577
UD_001_B_047_01_b.jpg,C:\Users\Meybells\Downloads\incoming-assets\inventory-photos\s-and-s-sports-memorabilia\4UP\oriented\UD_001_B_047_01_b.jpg,.jpg,UD_001_B_047_01,b,16091399
UD_001_B_047_02_a.jpg,C:\Users\Meybells\Downloads\incoming-assets\inventory-photos\s-and-s-sports-memorabilia\4UP\oriented\UD_001_B_047_02_a.jpg,.jpg,UD_001_B_047_02,a,25366577
UD_001_B_047_02_b.jpg,C:\Users\Meybells\Downloads\incoming-assets\inventory-photos\s-and-s-sports-memorabilia\4UP\oriented\UD_001_B_047_02_b.jpg,.jpg,UD_001_B_047_02,b,16091399
UD_001_B_047_03_a.jpg,C:\Users\Meybells\Downloads\incoming-assets\inventory-photos\s-and-s-sports-memorabilia\4UP\oriented\UD_001_B_047_03_a.jpg,.jpg,UD_001_B_047_03,a,25366577
UD_001_B_047_03_b.jpg,C:\Users\Meybells\Downloads\incoming-assets\inventory-photos\s-and-s-sports-memorabilia\4UP\oriented\UD_001_B_047_03_b.jpg,.jpg,UD_001_B_047_03,b,16091399
UD_001_B_047_04_a.jpg,C:\Users\Meybells\Downloads\incoming-assets\inventory-photos\s-and-s-sports-memorabilia\4UP\oriented\UD_001_B_047_04_a.jpg,.jpg,UD_001_B_047_04,a,25366577
UD_001_B_047_04_b.jpg,C:\Users\Meybells\Downloads\incoming-assets\inventory-photos\s-and-s-sports-memorabilia\4UP\oriented\UD_001_B_047_04_b.jpg,.jpg,UD_001_B_047_04,b,16091399
UD_001_B_048_01_a.jpg,C:\Users\Meybells\Downloads\incoming-assets\inventory-photos\s-and-s-sports-memorabilia\4UP\oriented\UD_001_B_048_01_a.jpg,.jpg,UD_001_B_048_01,a,24580837
UD_001_B_048_01_b.jpg,C:\Users\Meybells\Downloads\incoming-assets\inventory-photos\s-and-s-sports-memorabilia\4UP\oriented\UD_001_B_048_01_b.jpg,.jpg,UD_001_B_048_01,b,21542894
UD_001_B_048_02_a.jpg,C:\Users\Meybells\Downloads\incoming-assets\inventory-photos\s-and-s-sports-memorabilia\4UP\oriented\UD_001_B_048_02_a.jpg,.jpg,UD_001_B_048_02,a,24580837
UD_001_B_048_02_b.jpg,C:\Users\Meybells\Downloads\incoming-assets\inventory-photos\s-and-s-sports-memorabilia\4UP\oriented\UD_001_B_048_02_b.jpg,.jpg,UD_001_B_048_02,b,21542894
UD_001_B_048_03_a.jpg,C:\Users\Meybells\Downloads\incoming-assets\inventory-photos\s-and-s-sports-memorabilia\4UP\oriented\UD_001_B_048_03_a.jpg,.jpg,UD_001_B_048_03,a,24580837
UD_001_B_048_03_b.jpg,C:\Users\Meybells\Downloads\incoming-assets\inventory-photos\s-and-s-sports-memorabilia\4UP\oriented\UD_001_B_048_03_b.jpg,.jpg,UD_001_B_048_03,b,21542894
UD_001_B_048_04_a.jpg,C:\Users\Meybells\Downloads\incoming-assets\inventory-photos\s-and-s-sports-memorabilia\4UP\oriented\UD_001_B_048_04_a.jpg,.jpg,UD_001_B_048_04,a,24580837
UD_001_B_048_04_b.jpg,C:\Users\Meybells\Downloads\incoming-assets\inventory-photos\s-and-s-sports-memorabilia\4UP\oriented\UD_001_B_048_04_b.jpg,.jpg,UD_001_B_048_04,b,21542894
UD_001_B_049_01_a.jpg,C:\Users\Meybells\Downloads\incoming-assets\inventory-photos\s-and-s-sports-memorabilia\4UP\oriented\UD_001_B_049_01_a.jpg,.jpg,UD_001_B_049_01,a,25314422
UD_001_B_049_01_b.jpg,C:\Users\Meybells\Downloads\incoming-assets\inventory-photos\s-and-s-sports-memorabilia\4UP\oriented\UD_001_B_049_01_b.jpg,.jpg,UD_001_B_049_01,b,15749141
UD_001_B_049_02_a.jpg,C:\Users\Meybells\Downloads\incoming-assets\inventory-photos\s-and-s-sports-memorabilia\4UP\oriented\UD_001_B_049_02_a.jpg,.jpg,UD_001_B_049_02,a,25314422
UD_001_B_049_02_b.jpg,C:\Users\Meybells\Downloads\incoming-assets\inventory-photos\s-and-s-sports-memorabilia\4UP\oriented\UD_001_B_049_02_b.jpg,.jpg,UD_001_B_049_02,b,15749141
UD_001_B_049_03_a.jpg,C:\Users\Meybells\Downloads\incoming-assets\inventory-photos\s-and-s-sports-memorabilia\4UP\oriented\UD_001_B_049_03_a.jpg,.jpg,UD_001_B_049_03,a,25314422
UD_001_B_049_03_b.jpg,C:\Users\Meybells\Downloads\incoming-assets\inventory-photos\s-and-s-sports-memorabilia\4UP\oriented\UD_001_B_049_03_b.jpg,.jpg,UD_001_B_049_03,b,15749141
UD_001_B_049_04_a.jpg,C:\Users\Meybells\Downloads\incoming-assets\inventory-photos\s-and-s-sports-memorabilia\4UP\oriented\UD_001_B_049_04_a.jpg,.jpg,UD_001_B_049_04,a,25314422
UD_001_B_049_04_b.jpg,C:\Users\Meybells\Downloads\incoming-assets\inventory-photos\s-and-s-sports-memorabilia\4UP\oriented\UD_001_B_049_04_b.jpg,.jpg,UD_001_B_049_04,b,15749141
UD_001_B_050_01_a.jpg,C:\Users\Meybells\Downloads\incoming-assets\inventory-photos\s-and-s-sports-memorabilia\4UP\oriented\UD_001_B_050_01_a.jpg,.jpg,UD_001_B_050_01,a,21797683
UD_001_B_050_01_b.jpg,C:\Users\Meybells\Downloads\incoming-assets\inventory-photos\s-and-s-sports-memorabilia\4UP\oriented\UD_001_B_050_01_b.jpg,.jpg,UD_001_B_050_01,b,16189202
UD_001_B_050_02_a.jpg,C:\Users\Meybells\Downloads\incoming-assets\inventory-photos\s-and-s-sports-memorabilia\4UP\oriented\UD_001_B_050_02_a.jpg,.jpg,UD_001_B_050_02,a,21797683
UD_001_B_050_02_b.jpg,C:\Users\Meybells\Downloads\incoming-assets\inventory-photos\s-and-s-sports-memorabilia\4UP\oriented\UD_001_B_050_02_b.jpg,.jpg,UD_001_B_050_02,b,16189202
UD_001_B_050_03_a.jpg,C:\Users\Meybells\Downloads\incoming-assets\inventory-photos\s-and-s-sports-memorabilia\4UP\oriented\UD_001_B_050_03_a.jpg,.jpg,UD_001_B_050_03,a,21797683
UD_001_B_050_03_b.jpg,C:\Users\Meybells\Downloads\incoming-assets\inventory-photos\s-and-s-sports-memorabilia\4UP\oriented\UD_001_B_050_03_b.jpg,.jpg,UD_001_B_050_03,b,16189202
UD_001_B_050_04_a.jpg,C:\Users\Meybells\Downloads\incoming-assets\inventory-photos\s-and-s-sports-memorabilia\4UP\oriented\UD_001_B_050_04_a.jpg,.jpg,UD_001_B_050_04,a,21797683
UD_001_B_050_04_b.jpg,C:\Users\Meybells\Downloads\incoming-assets\inventory-photos\s-and-s-sports-memorabilia\4UP\oriented\UD_001_B_050_04_b.jpg,.jpg,UD_001_B_050_04,b,16189202
UD_001_B_051_01_a.jpg,C:\Users\Meybells\Downloads\incoming-assets\inventory-photos\s-and-s-sports-memorabilia\4UP\oriented\UD_001_B_051_01_a.jpg,.jpg,UD_001_B_051_01,a,23283852
UD_001_B_051_01_b.jpg,C:\Users\Meybells\Downloads\incoming-assets\inventory-photos\s-and-s-sports-memorabilia\4UP\oriented\UD_001_B_051_01_b.jpg,.jpg,UD_001_B_051_01,b,19065490
UD_001_B_051_02_a.jpg,C:\Users\Meybells\Downloads\incoming-assets\inventory-photos\s-and-s-sports-memorabilia\4UP\oriented\UD_001_B_051_02_a.jpg,.jpg,UD_001_B_051_02,a,23283852
UD_001_B_051_02_b.jpg,C:\Users\Meybells\Downloads\incoming-assets\inventory-photos\s-and-s-sports-memorabilia\4UP\oriented\UD_001_B_051_02_b.jpg,.jpg,UD_001_B_051_02,b,19065490
UD_001_B_051_03_a.jpg,C:\Users\Meybells\Downloads\incoming-assets\inventory-photos\s-and-s-sports-memorabilia\4UP\oriented\UD_001_B_051_03_a.jpg,.jpg,UD_001_B_051_03,a,23283852
UD_001_B_051_03_b.jpg,C:\Users\Meybells\Downloads\incoming-assets\inventory-photos\s-and-s-sports-memorabilia\4UP\oriented\UD_001_B_051_03_b.jpg,.jpg,UD_001_B_051_03,b,19065490
UD_001_B_051_04_a.jpg,C:\Users\Meybells\Downloads\incoming-assets\inventory-photos\s-and-s-sports-memorabilia\4UP\oriented\UD_001_B_051_04_a.jpg,.jpg,UD_001_B_051_04,a,23283852
UD_001_B_051_04_b.jpg,C:\Users\Meybells\Downloads\incoming-assets\inventory-photos\s-and-s-sports-memorabilia\4UP\oriented\UD_001_B_051_04_b.jpg,.jpg,UD_001_B_051_04,b,19065490
UD_001_B_052_01_a.jpg,C:\Users\Meybells\Downloads\incoming-assets\inventory-photos\s-and-s-sports-memorabilia\4UP\oriented\UD_001_B_052_01_a.jpg,.jpg,UD_001_B_052_01,a,28301033
UD_001_B_052_01_b.jpg,C:\Users\Meybells\Downloads\incoming-assets\inventory-photos\s-and-s-sports-memorabilia\4UP\oriented\UD_001_B_052_01_b.jpg,.jpg,UD_001_B_052_01,b,17440928
UD_001_B_052_02_a.jpg,C:\Users\Meybells\Downloads\incoming-assets\inventory-photos\s-and-s-sports-memorabilia\4UP\oriented\UD_001_B_052_02_a.jpg,.jpg,UD_001_B_052_02,a,28301033
UD_001_B_052_02_b.jpg,C:\Users\Meybells\Downloads\incoming-assets\inventory-photos\s-and-s-sports-memorabilia\4UP\oriented\UD_001_B_052_02_b.jpg,.jpg,UD_001_B_052_02,b,17440928
UD_001_B_052_03_a.jpg,C:\Users\Meybells\Downloads\incoming-assets\inventory-photos\s-and-s-sports-memorabilia\4UP\oriented\UD_001_B_052_03_a.jpg,.jpg,UD_001_B_052_03,a,28301033
UD_001_B_052_03_b.jpg,C:\Users\Meybells\Downloads\incoming-assets\inventory-photos\s-and-s-sports-memorabilia\4UP\oriented\UD_001_B_052_03_b.jpg,.jpg,UD_001_B_052_03,b,17440928
UD_001_B_052_04_a.jpg,C:\Users\Meybells\Downloads\incoming-assets\inventory-photos\s-and-s-sports-memorabilia\4UP\oriented\UD_001_B_052_04_a.jpg,.jpg,UD_001_B_052_04,a,28301033
UD_001_B_052_04_b.jpg,C:\Users\Meybells\Downloads\incoming-assets\inventory-photos\s-and-s-sports-memorabilia\4UP\oriented\UD_001_B_052_04_b.jpg,.jpg,UD_001_B_052_04,b,17440928
UD_001_B_075_01_a.jpg,C:\Users\Meybells\Downloads\incoming-assets\inventory-photos\s-and-s-sports-memorabilia\4UP\oriented\UD_001_B_075_01_a.jpg,.jpg,UD_001_B_075_01,a,22768015
UD_001_B_075_01_b.jpg,C:\Users\Meybells\Downloads\incoming-assets\inventory-photos\s-and-s-sports-memorabilia\4UP\oriented\UD_001_B_075_01_b.jpg,.jpg,UD_001_B_075_01,b,21412363
UD_001_B_075_02_a.jpg,C:\Users\Meybells\Downloads\incoming-assets\inventory-photos\s-and-s-sports-memorabilia\4UP\oriented\UD_001_B_075_02_a.jpg,.jpg,UD_001_B_075_02,a,22768015
UD_001_B_075_02_b.jpg,C:\Users\Meybells\Downloads\incoming-assets\inventory-photos\s-and-s-sports-memorabilia\4UP\oriented\UD_001_B_075_02_b.jpg,.jpg,UD_001_B_075_02,b,21412363
UD_001_B_075_03_a.jpg,C:\Users\Meybells\Downloads\incoming-assets\inventory-photos\s-and-s-sports-memorabilia\4UP\oriented\UD_001_B_075_03_a.jpg,.jpg,UD_001_B_075_03,a,22768015
UD_001_B_075_03_b.jpg,C:\Users\Meybells\Downloads\incoming-assets\inventory-photos\s-and-s-sports-memorabilia\4UP\oriented\UD_001_B_075_03_b.jpg,.jpg,UD_001_B_075_03,b,21412363
UD_001_B_075_04_a.jpg,C:\Users\Meybells\Downloads\incoming-assets\inventory-photos\s-and-s-sports-memorabilia\4UP\oriented\UD_001_B_075_04_a.jpg,.jpg,UD_001_B_075_04,a,22768015
UD_001_B_075_04_b.jpg,C:\Users\Meybells\Downloads\incoming-assets\inventory-photos\s-and-s-sports-memorabilia\4UP\oriented\UD_001_B_075_04_b.jpg,.jpg,UD_001_B_075_04,b,21412363
UD_001_B_077_01_a.jpg,C:\Users\Meybells\Downloads\incoming-assets\inventory-photos\s-and-s-sports-memorabilia\4UP\oriented\UD_001_B_077_01_a.jpg,.jpg,UD_001_B_077_01,a,22570620
UD_001_B_077_01_b.jpg,C:\Users\Meybells\Downloads\incoming-assets\inventory-photos\s-and-s-sports-memorabilia\4UP\oriented\UD_001_B_077_01_b.jpg,.jpg,UD_001_B_077_01,b,21408594
UD_001_B_077_02_a.jpg,C:\Users\Meybells\Downloads\incoming-assets\inventory-photos\s-and-s-sports-memorabilia\4UP\oriented\UD_001_B_077_02_a.jpg,.jpg,UD_001_B_077_02,a,22570620
UD_001_B_077_02_b.jpg,C:\Users\Meybells\Downloads\incoming-assets\inventory-photos\s-and-s-sports-memorabilia\4UP\oriented\UD_001_B_077_02_b.jpg,.jpg,UD_001_B_077_02,b,21408594
UD_001_B_077_03_a.jpg,C:\Users\Meybells\Downloads\incoming-assets\inventory-photos\s-and-s-sports-memorabilia\4UP\oriented\UD_001_B_077_03_a.jpg,.jpg,UD_001_B_077_03,a,22570620
UD_001_B_077_03_b.jpg,C:\Users\Meybells\Downloads\incoming-assets\inventory-photos\s-and-s-sports-memorabilia\4UP\oriented\UD_001_B_077_03_b.jpg,.jpg,UD_001_B_077_03,b,21408594
UD_001_B_077_04_a.jpg,C:\Users\Meybells\Downloads\incoming-assets\inventory-photos\s-and-s-sports-memorabilia\4UP\oriented\UD_001_B_077_04_a.jpg,.jpg,UD_001_B_077_04,a,22570620
UD_001_B_077_04_b.jpg,C:\Users\Meybells\Downloads\incoming-assets\inventory-photos\s-and-s-sports-memorabilia\4UP\oriented\UD_001_B_077_04_b.jpg,.jpg,UD_001_B_077_04,b,21408594
UD_001_B_078_01_a.jpg,C:\Users\Meybells\Downloads\incoming-assets\inventory-photos\s-and-s-sports-memorabilia\4UP\oriented\UD_001_B_078_01_a.jpg,.jpg,UD_001_B_078_01,a,25868051
UD_001_B_078_01_b.jpg,C:\Users\Meybells\Downloads\incoming-assets\inventory-photos\s-and-s-sports-memorabilia\4UP\oriented\UD_001_B_078_01_b.jpg,.jpg,UD_001_B_078_01,b,21529825
UD_001_B_078_02_a.jpg,C:\Users\Meybells\Downloads\incoming-assets\inventory-photos\s-and-s-sports-memorabilia\4UP\oriented\UD_001_B_078_02_a.jpg,.jpg,UD_001_B_078_02,a,25868051
UD_001_B_078_02_b.jpg,C:\Users\Meybells\Downloads\incoming-assets\inventory-photos\s-and-s-sports-memorabilia\4UP\oriented\UD_001_B_078_02_b.jpg,.jpg,UD_001_B_078_02,b,21529825
UD_001_B_078_03_a.jpg,C:\Users\Meybells\Downloads\incoming-assets\inventory-photos\s-and-s-sports-memorabilia\4UP\oriented\UD_001_B_078_03_a.jpg,.jpg,UD_001_B_078_03,a,25868051
UD_001_B_078_03_b.jpg,C:\Users\Meybells\Downloads\incoming-assets\inventory-photos\s-and-s-sports-memorabilia\4UP\oriented\UD_001_B_078_03_b.jpg,.jpg,UD_001_B_078_03,b,21529825
UD_001_B_078_04_a.jpg,C:\Users\Meybells\Downloads\incoming-assets\inventory-photos\s-and-s-sports-memorabilia\4UP\oriented\UD_001_B_078_04_a.jpg,.jpg,UD_001_B_078_04,a,25868051
UD_001_B_078_04_b.jpg,C:\Users\Meybells\Downloads\incoming-assets\inventory-photos\s-and-s-sports-memorabilia\4UP\oriented\UD_001_B_078_04_b.jpg,.jpg,UD_001_B_078_04,b,21529825
UD_001_B_079_01_a.jpg,C:\Users\Meybells\Downloads\incoming-assets\inventory-photos\s-and-s-sports-memorabilia\4UP\oriented\UD_001_B_079_01_a.jpg,.jpg,UD_001_B_079_01,a,25493148
UD_001_B_079_01_b.jpg,C:\Users\Meybells\Downloads\incoming-assets\inventory-photos\s-and-s-sports-memorabilia\4UP\oriented\UD_001_B_079_01_b.jpg,.jpg,UD_001_B_079_01,b,22966415
UD_001_B_079_02_a.jpg,C:\Users\Meybells\Downloads\incoming-assets\inventory-photos\s-and-s-sports-memorabilia\4UP\oriented\UD_001_B_079_02_a.jpg,.jpg,UD_001_B_079_02,a,25493148
UD_001_B_079_02_b.jpg,C:\Users\Meybells\Downloads\incoming-assets\inventory-photos\s-and-s-sports-memorabilia\4UP\oriented\UD_001_B_079_02_b.jpg,.jpg,UD_001_B_079_02,b,22966415
UD_001_B_079_03_a.jpg,C:\Users\Meybells\Downloads\incoming-assets\inventory-photos\s-and-s-sports-memorabilia\4UP\oriented\UD_001_B_079_03_a.jpg,.jpg,UD_001_B_079_03,a,25493148
UD_001_B_079_03_b.jpg,C:\Users\Meybells\Downloads\incoming-assets\inventory-photos\s-and-s-sports-memorabilia\4UP\oriented\UD_001_B_079_03_b.jpg,.jpg,UD_001_B_079_03,b,22966415
UD_001_B_079_04_a.jpg,C:\Users\Meybells\Downloads\incoming-assets\inventory-photos\s-and-s-sports-memorabilia\4UP\oriented\UD_001_B_079_04_a.jpg,.jpg,UD_001_B_079_04,a,25493148
UD_001_B_079_04_b.jpg,C:\Users\Meybells\Downloads\incoming-assets\inventory-photos\s-and-s-sports-memorabilia\4UP\oriented\UD_001_B_079_04_b.jpg,.jpg,UD_001_B_079_04,b,22966415
UD_001_C_054_01_a.jpg,C:\Users\Meybells\Downloads\incoming-assets\inventory-photos\s-and-s-sports-memorabilia\4UP\oriented\UD_001_C_054_01_a.jpg,.jpg,UD_001_C_054_01,a,25975703
UD_001_C_054_01_b.jpg,C:\Users\Meybells\Downloads\incoming-assets\inventory-photos\s-and-s-sports-memorabilia\4UP\oriented\UD_001_C_054_01_b.jpg,.jpg,UD_001_C_054_01,b,21752411
UD_001_C_054_02_a.jpg,C:\Users\Meybells\Downloads\incoming-assets\inventory-photos\s-and-s-sports-memorabilia\4UP\oriented\UD_001_C_054_02_a.jpg,.jpg,UD_001_C_054_02,a,25975703
UD_001_C_054_02_b.jpg,C:\Users\Meybells\Downloads\incoming-assets\inventory-photos\s-and-s-sports-memorabilia\4UP\oriented\UD_001_C_054_02_b.jpg,.jpg,UD_001_C_054_02,b,21752411
UD_001_C_054_03_a.jpg,C:\Users\Meybells\Downloads\incoming-assets\inventory-photos\s-and-s-sports-memorabilia\4UP\oriented\UD_001_C_054_03_a.jpg,.jpg,UD_001_C_054_03,a,25975703
UD_001_C_054_03_b.jpg,C:\Users\Meybells\Downloads\incoming-assets\inventory-photos\s-and-s-sports-memorabilia\4UP\oriented\UD_001_C_054_03_b.jpg,.jpg,UD_001_C_054_03,b,21752411
UD_001_C_054_04_a.jpg,C:\Users\Meybells\Downloads\incoming-assets\inventory-photos\s-and-s-sports-memorabilia\4UP\oriented\UD_001_C_054_04_a.jpg,.jpg,UD_001_C_054_04,a,25975703
UD_001_C_054_04_b.jpg,C:\Users\Meybells\Downloads\incoming-assets\inventory-photos\s-and-s-sports-memorabilia\4UP\oriented\UD_001_C_054_04_b.jpg,.jpg,UD_001_C_054_04,b,21752411
UD_001_C_056_01_a.jpg,C:\Users\Meybells\Downloads\incoming-assets\inventory-photos\s-and-s-sports-memorabilia\4UP\oriented\UD_001_C_056_01_a.jpg,.jpg,UD_001_C_056_01,a,25825387
UD_001_C_056_01_b.jpg,C:\Users\Meybells\Downloads\incoming-assets\inventory-photos\s-and-s-sports-memorabilia\4UP\oriented\UD_001_C_056_01_b.jpg,.jpg,UD_001_C_056_01,b,21712436
UD_001_C_056_02_a.jpg,C:\Users\Meybells\Downloads\incoming-assets\inventory-photos\s-and-s-sports-memorabilia\4UP\oriented\UD_001_C_056_02_a.jpg,.jpg,UD_001_C_056_02,a,25825387
UD_001_C_056_02_b.jpg,C:\Users\Meybells\Downloads\incoming-assets\inventory-photos\s-and-s-sports-memorabilia\4UP\oriented\UD_001_C_056_02_b.jpg,.jpg,UD_001_C_056_02,b,21712436
UD_001_C_056_03_a.jpg,C:\Users\Meybells\Downloads\incoming-assets\inventory-photos\s-and-s-sports-memorabilia\4UP\oriented\UD_001_C_056_03_a.jpg,.jpg,UD_001_C_056_03,a,25825387
UD_001_C_056_03_b.jpg,C:\Users\Meybells\Downloads\incoming-assets\inventory-photos\s-and-s-sports-memorabilia\4UP\oriented\UD_001_C_056_03_b.jpg,.jpg,UD_001_C_056_03,b,21712436
UD_001_C_056_04_a.jpg,C:\Users\Meybells\Downloads\incoming-assets\inventory-photos\s-and-s-sports-memorabilia\4UP\oriented\UD_001_C_056_04_a.jpg,.jpg,UD_001_C_056_04,a,25825387
UD_001_C_056_04_b.jpg,C:\Users\Meybells\Downloads\incoming-assets\inventory-photos\s-and-s-sports-memorabilia\4UP\oriented\UD_001_C_056_04_b.jpg,.jpg,UD_001_C_056_04,b,21712436
UD_001_C_057_01_a.jpg,C:\Users\Meybells\Downloads\incoming-assets\inventory-photos\s-and-s-sports-memorabilia\4UP\oriented\UD_001_C_057_01_a.jpg,.jpg,UD_001_C_057_01,a,26180377
UD_001_C_057_01_b.jpg,C:\Users\Meybells\Downloads\incoming-assets\inventory-photos\s-and-s-sports-memorabilia\4UP\oriented\UD_001_C_057_01_b.jpg,.jpg,UD_001_C_057_01,b,21487255
UD_001_C_057_02_a.jpg,C:\Users\Meybells\Downloads\incoming-assets\inventory-photos\s-and-s-sports-memorabilia\4UP\oriented\UD_001_C_057_02_a.jpg,.jpg,UD_001_C_057_02,a,26180377
UD_001_C_057_02_b.jpg,C:\Users\Meybells\Downloads\incoming-assets\inventory-photos\s-and-s-sports-memorabilia\4UP\oriented\UD_001_C_057_02_b.jpg,.jpg,UD_001_C_057_02,b,21487255
UD_001_C_057_03_a.jpg,C:\Users\Meybells\Downloads\incoming-assets\inventory-photos\s-and-s-sports-memorabilia\4UP\oriented\UD_001_C_057_03_a.jpg,.jpg,UD_001_C_057_03,a,26180377
UD_001_C_057_03_b.jpg,C:\Users\Meybells\Downloads\incoming-assets\inventory-photos\s-and-s-sports-memorabilia\4UP\oriented\UD_001_C_057_03_b.jpg,.jpg,UD_001_C_057_03,b,21487255
UD_001_C_057_04_a.jpg,C:\Users\Meybells\Downloads\incoming-assets\inventory-photos\s-and-s-sports-memorabilia\4UP\oriented\UD_001_C_057_04_a.jpg,.jpg,UD_001_C_057_04,a,26180377
UD_001_C_057_04_b.jpg,C:\Users\Meybells\Downloads\incoming-assets\inventory-photos\s-and-s-sports-memorabilia\4UP\oriented\UD_001_C_057_04_b.jpg,.jpg,UD_001_C_057_04,b,21487255
UD_001_C_058_01_a.jpg,C:\Users\Meybells\Downloads\incoming-assets\inventory-photos\s-and-s-sports-memorabilia\4UP\oriented\UD_001_C_058_01_a.jpg,.jpg,UD_001_C_058_01,a,26293833
UD_001_C_058_01_b.jpg,C:\Users\Meybells\Downloads\incoming-assets\inventory-photos\s-and-s-sports-memorabilia\4UP\oriented\UD_001_C_058_01_b.jpg,.jpg,UD_001_C_058_01,b,21909401
UD_001_C_058_02_a.jpg,C:\Users\Meybells\Downloads\incoming-assets\inventory-photos\s-and-s-sports-memorabilia\4UP\oriented\UD_001_C_058_02_a.jpg,.jpg,UD_001_C_058_02,a,26293833
UD_001_C_058_02_b.jpg,C:\Users\Meybells\Downloads\incoming-assets\inventory-photos\s-and-s-sports-memorabilia\4UP\oriented\UD_001_C_058_02_b.jpg,.jpg,UD_001_C_058_02,b,21909401
UD_001_C_058_03_a.jpg,C:\Users\Meybells\Downloads\incoming-assets\inventory-photos\s-and-s-sports-memorabilia\4UP\oriented\UD_001_C_058_03_a.jpg,.jpg,UD_001_C_058_03,a,26293833
UD_001_C_058_03_b.jpg,C:\Users\Meybells\Downloads\incoming-assets\inventory-photos\s-and-s-sports-memorabilia\4UP\oriented\UD_001_C_058_03_b.jpg,.jpg,UD_001_C_058_03,b,21909401
UD_001_C_058_04_a.jpg,C:\Users\Meybells\Downloads\incoming-assets\inventory-photos\s-and-s-sports-memorabilia\4UP\oriented\UD_001_C_058_04_a.jpg,.jpg,UD_001_C_058_04,a,26293833
UD_001_C_058_04_b.jpg,C:\Users\Meybells\Downloads\incoming-assets\inventory-photos\s-and-s-sports-memorabilia\4UP\oriented\UD_001_C_058_04_b.jpg,.jpg,UD_001_C_058_04,b,21909401
UD_001_C_059_01_a.jpg,C:\Users\Meybells\Downloads\incoming-assets\inventory-photos\s-and-s-sports-memorabilia\4UP\oriented\UD_001_C_059_01_a.jpg,.jpg,UD_001_C_059_01,a,28085494
UD_001_C_059_01_b.jpg,C:\Users\Meybells\Downloads\incoming-assets\inventory-photos\s-and-s-sports-memorabilia\4UP\oriented\UD_001_C_059_01_b.jpg,.jpg,UD_001_C_059_01,b,23167512
UD_001_C_059_02_a.jpg,C:\Users\Meybells\Downloads\incoming-assets\inventory-photos\s-and-s-sports-memorabilia\4UP\oriented\UD_001_C_059_02_a.jpg,.jpg,UD_001_C_059_02,a,28085494
UD_001_C_059_02_b.jpg,C:\Users\Meybells\Downloads\incoming-assets\inventory-photos\s-and-s-sports-memorabilia\4UP\oriented\UD_001_C_059_02_b.jpg,.jpg,UD_001_C_059_02,b,23167512
UD_001_C_059_03_a.jpg,C:\Users\Meybells\Downloads\incoming-assets\inventory-photos\s-and-s-sports-memorabilia\4UP\oriented\UD_001_C_059_03_a.jpg,.jpg,UD_001_C_059_03,a,28085494
UD_001_C_059_03_b.jpg,C:\Users\Meybells\Downloads\incoming-assets\inventory-photos\s-and-s-sports-memorabilia\4UP\oriented\UD_001_C_059_03_b.jpg,.jpg,UD_001_C_059_03,b,23167512
UD_001_C_059_04_a.jpg,C:\Users\Meybells\Downloads\incoming-assets\inventory-photos\s-and-s-sports-memorabilia\4UP\oriented\UD_001_C_059_04_a.jpg,.jpg,UD_001_C_059_04,a,28085494
UD_001_C_059_04_b.jpg,C:\Users\Meybells\Downloads\incoming-assets\inventory-photos\s-and-s-sports-memorabilia\4UP\oriented\UD_001_C_059_04_b.jpg,.jpg,UD_001_C_059_04,b,23167512
UD_001_C_060_01_a.jpg,C:\Users\Meybells\Downloads\incoming-assets\inventory-photos\s-and-s-sports-memorabilia\4UP\oriented\UD_001_C_060_01_a.jpg,.jpg,UD_001_C_060_01,a,26079833
UD_001_C_060_01_b.jpg,C:\Users\Meybells\Downloads\incoming-assets\inventory-photos\s-and-s-sports-memorabilia\4UP\oriented\UD_001_C_060_01_b.jpg,.jpg,UD_001_C_060_01,b,21289026
UD_001_C_060_02_a.jpg,C:\Users\Meybells\Downloads\incoming-assets\inventory-photos\s-and-s-sports-memorabilia\4UP\oriented\UD_001_C_060_02_a.jpg,.jpg,UD_001_C_060_02,a,26079833
UD_001_C_060_02_b.jpg,C:\Users\Meybells\Downloads\incoming-assets\inventory-photos\s-and-s-sports-memorabilia\4UP\oriented\UD_001_C_060_02_b.jpg,.jpg,UD_001_C_060_02,b,21289026
UD_001_C_060_03_a.jpg,C:\Users\Meybells\Downloads\incoming-assets\inventory-photos\s-and-s-sports-memorabilia\4UP\oriented\UD_001_C_060_03_a.jpg,.jpg,UD_001_C_060_03,a,26079833
UD_001_C_060_03_b.jpg,C:\Users\Meybells\Downloads\incoming-assets\inventory-photos\s-and-s-sports-memorabilia\4UP\oriented\UD_001_C_060_03_b.jpg,.jpg,UD_001_C_060_03,b,21289026
UD_001_C_060_04_a.jpg,C:\Users\Meybells\Downloads\incoming-assets\inventory-photos\s-and-s-sports-memorabilia\4UP\oriented\UD_001_C_060_04_a.jpg,.jpg,UD_001_C_060_04,a,26079833
UD_001_C_060_04_b.jpg,C:\Users\Meybells\Downloads\incoming-assets\inventory-photos\s-and-s-sports-memorabilia\4UP\oriented\UD_001_C_060_04_b.jpg,.jpg,UD_001_C_060_04,b,21289026
UD_001_C_061_01_a.jpg,C:\Users\Meybells\Downloads\incoming-assets\inventory-photos\s-and-s-sports-memorabilia\4UP\oriented\UD_001_C_061_01_a.jpg,.jpg,UD_001_C_061_01,a,25951879
UD_001_C_061_01_b.jpg,C:\Users\Meybells\Downloads\incoming-assets\inventory-photos\s-and-s-sports-memorabilia\4UP\oriented\UD_001_C_061_01_b.jpg,.jpg,UD_001_C_061_01,b,21592970
UD_001_C_061_02_a.jpg,C:\Users\Meybells\Downloads\incoming-assets\inventory-photos\s-and-s-sports-memorabilia\4UP\oriented\UD_001_C_061_02_a.jpg,.jpg,UD_001_C_061_02,a,25951879
UD_001_C_061_02_b.jpg,C:\Users\Meybells\Downloads\incoming-assets\inventory-photos\s-and-s-sports-memorabilia\4UP\oriented\UD_001_C_061_02_b.jpg,.jpg,UD_001_C_061_02,b,21592970
UD_001_C_061_03_a.jpg,C:\Users\Meybells\Downloads\incoming-assets\inventory-photos\s-and-s-sports-memorabilia\4UP\oriented\UD_001_C_061_03_a.jpg,.jpg,UD_001_C_061_03,a,25951879
UD_001_C_061_03_b.jpg,C:\Users\Meybells\Downloads\incoming-assets\inventory-photos\s-and-s-sports-memorabilia\4UP\oriented\UD_001_C_061_03_b.jpg,.jpg,UD_001_C_061_03,b,21592970
UD_001_C_061_04_a.jpg,C:\Users\Meybells\Downloads\incoming-assets\inventory-photos\s-and-s-sports-memorabilia\4UP\oriented\UD_001_C_061_04_a.jpg,.jpg,UD_001_C_061_04,a,25951879
UD_001_C_061_04_b.jpg,C:\Users\Meybells\Downloads\incoming-assets\inventory-photos\s-and-s-sports-memorabilia\4UP\oriented\UD_001_C_061_04_b.jpg,.jpg,UD_001_C_061_04,b,21592970
UD_001_C_081_01_a.jpg,C:\Users\Meybells\Downloads\incoming-assets\inventory-photos\s-and-s-sports-memorabilia\4UP\oriented\UD_001_C_081_01_a.jpg,.jpg,UD_001_C_081_01,a,21769988
UD_001_C_081_01_b.jpg,C:\Users\Meybells\Downloads\incoming-assets\inventory-photos\s-and-s-sports-memorabilia\4UP\oriented\UD_001_C_081_01_b.jpg,.jpg,UD_001_C_081_01,b,21076282
UD_001_C_081_02_a.jpg,C:\Users\Meybells\Downloads\incoming-assets\inventory-photos\s-and-s-sports-memorabilia\4UP\oriented\UD_001_C_081_02_a.jpg,.jpg,UD_001_C_081_02,a,21769988
UD_001_C_081_02_b.jpg,C:\Users\Meybells\Downloads\incoming-assets\inventory-photos\s-and-s-sports-memorabilia\4UP\oriented\UD_001_C_081_02_b.jpg,.jpg,UD_001_C_081_02,b,21076282
UD_001_C_081_03_a.jpg,C:\Users\Meybells\Downloads\incoming-assets\inventory-photos\s-and-s-sports-memorabilia\4UP\oriented\UD_001_C_081_03_a.jpg,.jpg,UD_001_C_081_03,a,21769988
UD_001_C_081_03_b.jpg,C:\Users\Meybells\Downloads\incoming-assets\inventory-photos\s-and-s-sports-memorabilia\4UP\oriented\UD_001_C_081_03_b.jpg,.jpg,UD_001_C_081_03,b,21076282
UD_001_C_081_04_a.jpg,C:\Users\Meybells\Downloads\incoming-assets\inventory-photos\s-and-s-sports-memorabilia\4UP\oriented\UD_001_C_081_04_a.jpg,.jpg,UD_001_C_081_04,a,21769988
UD_001_C_081_04_b.jpg,C:\Users\Meybells\Downloads\incoming-assets\inventory-photos\s-and-s-sports-memorabilia\4UP\oriented\UD_001_C_081_04_b.jpg,.jpg,UD_001_C_081_04,b,21076282
UD_001_C_082_01_a.jpg,C:\Users\Meybells\Downloads\incoming-assets\inventory-photos\s-and-s-sports-memorabilia\4UP\oriented\UD_001_C_082_01_a.jpg,.jpg,UD_001_C_082_01,a,26686310
UD_001_C_082_01_b.jpg,C:\Users\Meybells\Downloads\incoming-assets\inventory-photos\s-and-s-sports-memorabilia\4UP\oriented\UD_001_C_082_01_b.jpg,.jpg,UD_001_C_082_01,b,22612056
UD_001_C_082_02_a.jpg,C:\Users\Meybells\Downloads\incoming-assets\inventory-photos\s-and-s-sports-memorabilia\4UP\oriented\UD_001_C_082_02_a.jpg,.jpg,UD_001_C_082_02,a,26686310
UD_001_C_082_02_b.jpg,C:\Users\Meybells\Downloads\incoming-assets\inventory-photos\s-and-s-sports-memorabilia\4UP\oriented\UD_001_C_082_02_b.jpg,.jpg,UD_001_C_082_02,b,22612056
UD_001_C_082_03_a.jpg,C:\Users\Meybells\Downloads\incoming-assets\inventory-photos\s-and-s-sports-memorabilia\4UP\oriented\UD_001_C_082_03_a.jpg,.jpg,UD_001_C_082_03,a,26686310
UD_001_C_082_03_b.jpg,C:\Users\Meybells\Downloads\incoming-assets\inventory-photos\s-and-s-sports-memorabilia\4UP\oriented\UD_001_C_082_03_b.jpg,.jpg,UD_001_C_082_03,b,22612056
UD_001_C_082_04_a.jpg,C:\Users\Meybells\Downloads\incoming-assets\inventory-photos\s-and-s-sports-memorabilia\4UP\oriented\UD_001_C_082_04_a.jpg,.jpg,UD_001_C_082_04,a,26686310
UD_001_C_082_04_b.jpg,C:\Users\Meybells\Downloads\incoming-assets\inventory-photos\s-and-s-sports-memorabilia\4UP\oriented\UD_001_C_082_04_b.jpg,.jpg,UD_001_C_082_04,b,22612056
UD_001_C_083_01_a.jpg,C:\Users\Meybells\Downloads\incoming-assets\inventory-photos\s-and-s-sports-memorabilia\4UP\oriented\UD_001_C_083_01_a.jpg,.jpg,UD_001_C_083_01,a,26843055
UD_001_C_083_01_b.jpg,C:\Users\Meybells\Downloads\incoming-assets\inventory-photos\s-and-s-sports-memorabilia\4UP\oriented\UD_001_C_083_01_b.jpg,.jpg,UD_001_C_083_01,b,17764407
UD_001_C_083_02_a.jpg,C:\Users\Meybells\Downloads\incoming-assets\inventory-photos\s-and-s-sports-memorabilia\4UP\oriented\UD_001_C_083_02_a.jpg,.jpg,UD_001_C_083_02,a,26843055
UD_001_C_083_02_b.jpg,C:\Users\Meybells\Downloads\incoming-assets\inventory-photos\s-and-s-sports-memorabilia\4UP\oriented\UD_001_C_083_02_b.jpg,.jpg,UD_001_C_083_02,b,17764407
UD_001_C_083_03_a.jpg,C:\Users\Meybells\Downloads\incoming-assets\inventory-photos\s-and-s-sports-memorabilia\4UP\oriented\UD_001_C_083_03_a.jpg,.jpg,UD_001_C_083_03,a,26843055
UD_001_C_083_03_b.jpg,C:\Users\Meybells\Downloads\incoming-assets\inventory-photos\s-and-s-sports-memorabilia\4UP\oriented\UD_001_C_083_03_b.jpg,.jpg,UD_001_C_083_03,b,17764407
UD_001_C_083_04_a.jpg,C:\Users\Meybells\Downloads\incoming-assets\inventory-photos\s-and-s-sports-memorabilia\4UP\oriented\UD_001_C_083_04_a.jpg,.jpg,UD_001_C_083_04,a,26843055
UD_001_C_083_04_b.jpg,C:\Users\Meybells\Downloads\incoming-assets\inventory-photos\s-and-s-sports-memorabilia\4UP\oriented\UD_001_C_083_04_b.jpg,.jpg,UD_001_C_083_04,b,17764407
UD_001_C_084_01_a.jpg,C:\Users\Meybells\Downloads\incoming-assets\inventory-photos\s-and-s-sports-memorabilia\4UP\oriented\UD_001_C_084_01_a.jpg,.jpg,UD_001_C_084_01,a,21330751
UD_001_C_084_01_b.jpg,C:\Users\Meybells\Downloads\incoming-assets\inventory-photos\s-and-s-sports-memorabilia\4UP\oriented\UD_001_C_084_01_b.jpg,.jpg,UD_001_C_084_01,b,21108352
UD_001_C_084_02_a.jpg,C:\Users\Meybells\Downloads\incoming-assets\inventory-photos\s-and-s-sports-memorabilia\4UP\oriented\UD_001_C_084_02_a.jpg,.jpg,UD_001_C_084_02,a,21330751
UD_001_C_084_02_b.jpg,C:\Users\Meybells\Downloads\incoming-assets\inventory-photos\s-and-s-sports-memorabilia\4UP\oriented\UD_001_C_084_02_b.jpg,.jpg,UD_001_C_084_02,b,21108352
UD_001_C_084_03_a.jpg,C:\Users\Meybells\Downloads\incoming-assets\inventory-photos\s-and-s-sports-memorabilia\4UP\oriented\UD_001_C_084_03_a.jpg,.jpg,UD_001_C_084_03,a,21330751
UD_001_C_084_03_b.jpg,C:\Users\Meybells\Downloads\incoming-assets\inventory-photos\s-and-s-sports-memorabilia\4UP\oriented\UD_001_C_084_03_b.jpg,.jpg,UD_001_C_084_03,b,21108352
UD_001_C_084_04_a.jpg,C:\Users\Meybells\Downloads\incoming-assets\inventory-photos\s-and-s-sports-memorabilia\4UP\oriented\UD_001_C_084_04_a.jpg,.jpg,UD_001_C_084_04,a,21330751
UD_001_C_084_04_b.jpg,C:\Users\Meybells\Downloads\incoming-assets\inventory-photos\s-and-s-sports-memorabilia\4UP\oriented\UD_001_C_084_04_b.jpg,.jpg,UD_001_C_084_04,b,21108352
UD_001_C_085_01_a.jpg,C:\Users\Meybells\Downloads\incoming-assets\inventory-photos\s-and-s-sports-memorabilia\4UP\oriented\UD_001_C_085_01_a.jpg,.jpg,UD_001_C_085_01,a,22289123
UD_001_C_085_01_b.jpg,C:\Users\Meybells\Downloads\incoming-assets\inventory-photos\s-and-s-sports-memorabilia\4UP\oriented\UD_001_C_085_01_b.jpg,.jpg,UD_001_C_085_01,b,15464627
UD_001_C_085_02_a.jpg,C:\Users\Meybells\Downloads\incoming-assets\inventory-photos\s-and-s-sports-memorabilia\4UP\oriented\UD_001_C_085_02_a.jpg,.jpg,UD_001_C_085_02,a,22289123
UD_001_C_085_02_b.jpg,C:\Users\Meybells\Downloads\incoming-assets\inventory-photos\s-and-s-sports-memorabilia\4UP\oriented\UD_001_C_085_02_b.jpg,.jpg,UD_001_C_085_02,b,15464627
UD_001_C_085_03_a.jpg,C:\Users\Meybells\Downloads\incoming-assets\inventory-photos\s-and-s-sports-memorabilia\4UP\oriented\UD_001_C_085_03_a.jpg,.jpg,UD_001_C_085_03,a,22289123
UD_001_C_085_03_b.jpg,C:\Users\Meybells\Downloads\incoming-assets\inventory-photos\s-and-s-sports-memorabilia\4UP\oriented\UD_001_C_085_03_b.jpg,.jpg,UD_001_C_085_03,b,15464627
UD_001_C_085_04_a.jpg,C:\Users\Meybells\Downloads\incoming-assets\inventory-photos\s-and-s-sports-memorabilia\4UP\oriented\UD_001_C_085_04_a.jpg,.jpg,UD_001_C_085_04,a,22289123
UD_001_C_085_04_b.jpg,C:\Users\Meybells\Downloads\incoming-assets\inventory-photos\s-and-s-sports-memorabilia\4UP\oriented\UD_001_C_085_04_b.jpg,.jpg,UD_001_C_085_04,b,15464627
UD_001_D_062_01_a.jpg,C:\Users\Meybells\Downloads\incoming-assets\inventory-photos\s-and-s-sports-memorabilia\4UP\oriented\UD_001_D_062_01_a.jpg,.jpg,UD_001_D_062_01,a,24215003
UD_001_D_062_01_b.jpg,C:\Users\Meybells\Downloads\incoming-assets\inventory-photos\s-and-s-sports-memorabilia\4UP\oriented\UD_001_D_062_01_b.jpg,.jpg,UD_001_D_062_01,b,15576436
UD_001_D_062_02_a.jpg,C:\Users\Meybells\Downloads\incoming-assets\inventory-photos\s-and-s-sports-memorabilia\4UP\oriented\UD_001_D_062_02_a.jpg,.jpg,UD_001_D_062_02,a,24215003
UD_001_D_062_02_b.jpg,C:\Users\Meybells\Downloads\incoming-assets\inventory-photos\s-and-s-sports-memorabilia\4UP\oriented\UD_001_D_062_02_b.jpg,.jpg,UD_001_D_062_02,b,15576436
UD_001_D_062_03_a.jpg,C:\Users\Meybells\Downloads\incoming-assets\inventory-photos\s-and-s-sports-memorabilia\4UP\oriented\UD_001_D_062_03_a.jpg,.jpg,UD_001_D_062_03,a,24215003
UD_001_D_062_03_b.jpg,C:\Users\Meybells\Downloads\incoming-assets\inventory-photos\s-and-s-sports-memorabilia\4UP\oriented\UD_001_D_062_03_b.jpg,.jpg,UD_001_D_062_03,b,15576436
UD_001_D_062_04_a.jpg,C:\Users\Meybells\Downloads\incoming-assets\inventory-photos\s-and-s-sports-memorabilia\4UP\oriented\UD_001_D_062_04_a.jpg,.jpg,UD_001_D_062_04,a,24215003
UD_001_D_062_04_b.jpg,C:\Users\Meybells\Downloads\incoming-assets\inventory-photos\s-and-s-sports-memorabilia\4UP\oriented\UD_001_D_062_04_b.jpg,.jpg,UD_001_D_062_04,b,15576436
UD_001_D_063_01_a.jpg,C:\Users\Meybells\Downloads\incoming-assets\inventory-photos\s-and-s-sports-memorabilia\4UP\oriented\UD_001_D_063_01_a.jpg,.jpg,UD_001_D_063_01,a,24589388
UD_001_D_063_01_b.jpg,C:\Users\Meybells\Downloads\incoming-assets\inventory-photos\s-and-s-sports-memorabilia\4UP\oriented\UD_001_D_063_01_b.jpg,.jpg,UD_001_D_063_01,b,15114458
UD_001_D_063_02_a.jpg,C:\Users\Meybells\Downloads\incoming-assets\inventory-photos\s-and-s-sports-memorabilia\4UP\oriented\UD_001_D_063_02_a.jpg,.jpg,UD_001_D_063_02,a,24589388
UD_001_D_063_02_b.jpg,C:\Users\Meybells\Downloads\incoming-assets\inventory-photos\s-and-s-sports-memorabilia\4UP\oriented\UD_001_D_063_02_b.jpg,.jpg,UD_001_D_063_02,b,15114458
UD_001_D_063_03_a.jpg,C:\Users\Meybells\Downloads\incoming-assets\inventory-photos\s-and-s-sports-memorabilia\4UP\oriented\UD_001_D_063_03_a.jpg,.jpg,UD_001_D_063_03,a,24589388
UD_001_D_063_03_b.jpg,C:\Users\Meybells\Downloads\incoming-assets\inventory-photos\s-and-s-sports-memorabilia\4UP\oriented\UD_001_D_063_03_b.jpg,.jpg,UD_001_D_063_03,b,15114458
UD_001_D_063_04_a.jpg,C:\Users\Meybells\Downloads\incoming-assets\inventory-photos\s-and-s-sports-memorabilia\4UP\oriented\UD_001_D_063_04_a.jpg,.jpg,UD_001_D_063_04,a,24589388
UD_001_D_063_04_b.jpg,C:\Users\Meybells\Downloads\incoming-assets\inventory-photos\s-and-s-sports-memorabilia\4UP\oriented\UD_001_D_063_04_b.jpg,.jpg,UD_001_D_063_04,b,15114458
UD_001_D_064_01_a.jpg,C:\Users\Meybells\Downloads\incoming-assets\inventory-photos\s-and-s-sports-memorabilia\4UP\oriented\UD_001_D_064_01_a.jpg,.jpg,UD_001_D_064_01,a,27378297
UD_001_D_064_01_b.jpg,C:\Users\Meybells\Downloads\incoming-assets\inventory-photos\s-and-s-sports-memorabilia\4UP\oriented\UD_001_D_064_01_b.jpg,.jpg,UD_001_D_064_01,b,17025448
UD_001_D_064_02_a.jpg,C:\Users\Meybells\Downloads\incoming-assets\inventory-photos\s-and-s-sports-memorabilia\4UP\oriented\UD_001_D_064_02_a.jpg,.jpg,UD_001_D_064_02,a,27378297
UD_001_D_064_02_b.jpg,C:\Users\Meybells\Downloads\incoming-assets\inventory-photos\s-and-s-sports-memorabilia\4UP\oriented\UD_001_D_064_02_b.jpg,.jpg,UD_001_D_064_02,b,17025448
UD_001_D_064_03_a.jpg,C:\Users\Meybells\Downloads\incoming-assets\inventory-photos\s-and-s-sports-memorabilia\4UP\oriented\UD_001_D_064_03_a.jpg,.jpg,UD_001_D_064_03,a,27378297
UD_001_D_064_03_b.jpg,C:\Users\Meybells\Downloads\incoming-assets\inventory-photos\s-and-s-sports-memorabilia\4UP\oriented\UD_001_D_064_03_b.jpg,.jpg,UD_001_D_064_03,b,17025448
UD_001_D_064_04_a.jpg,C:\Users\Meybells\Downloads\incoming-assets\inventory-photos\s-and-s-sports-memorabilia\4UP\oriented\UD_001_D_064_04_a.jpg,.jpg,UD_001_D_064_04,a,27378297
UD_001_D_064_04_b.jpg,C:\Users\Meybells\Downloads\incoming-assets\inventory-photos\s-and-s-sports-memorabilia\4UP\oriented\UD_001_D_064_04_b.jpg,.jpg,UD_001_D_064_04,b,17025448
UD_001_D_087_01_a.jpg,C:\Users\Meybells\Downloads\incoming-assets\inventory-photos\s-and-s-sports-memorabilia\4UP\oriented\UD_001_D_087_01_a.jpg,.jpg,UD_001_D_087_01,a,25479156
UD_001_D_087_01_b.jpg,C:\Users\Meybells\Downloads\incoming-assets\inventory-photos\s-and-s-sports-memorabilia\4UP\oriented\UD_001_D_087_01_b.jpg,.jpg,UD_001_D_087_01,b,16533395
UD_001_D_087_02_a.jpg,C:\Users\Meybells\Downloads\incoming-assets\inventory-photos\s-and-s-sports-memorabilia\4UP\oriented\UD_001_D_087_02_a.jpg,.jpg,UD_001_D_087_02,a,25479156
UD_001_D_087_02_b.jpg,C:\Users\Meybells\Downloads\incoming-assets\inventory-photos\s-and-s-sports-memorabilia\4UP\oriented\UD_001_D_087_02_b.jpg,.jpg,UD_001_D_087_02,b,16533395
UD_001_D_087_03_a.jpg,C:\Users\Meybells\Downloads\incoming-assets\inventory-photos\s-and-s-sports-memorabilia\4UP\oriented\UD_001_D_087_03_a.jpg,.jpg,UD_001_D_087_03,a,25479156
UD_001_D_087_03_b.jpg,C:\Users\Meybells\Downloads\incoming-assets\inventory-photos\s-and-s-sports-memorabilia\4UP\oriented\UD_001_D_087_03_b.jpg,.jpg,UD_001_D_087_03,b,16533395
UD_001_D_087_04_a.jpg,C:\Users\Meybells\Downloads\incoming-assets\inventory-photos\s-and-s-sports-memorabilia\4UP\oriented\UD_001_D_087_04_a.jpg,.jpg,UD_001_D_087_04,a,25479156
UD_001_D_087_04_b.jpg,C:\Users\Meybells\Downloads\incoming-assets\inventory-photos\s-and-s-sports-memorabilia\4UP\oriented\UD_001_D_087_04_b.jpg,.jpg,UD_001_D_087_04,b,16533395
UD_001_D_088_01_a.jpg,C:\Users\Meybells\Downloads\incoming-assets\inventory-photos\s-and-s-sports-memorabilia\4UP\oriented\UD_001_D_088_01_a.jpg,.jpg,UD_001_D_088_01,a,26434809
UD_001_D_088_01_b.jpg,C:\Users\Meybells\Downloads\incoming-assets\inventory-photos\s-and-s-sports-memorabilia\4UP\oriented\UD_001_D_088_01_b.jpg,.jpg,UD_001_D_088_01,b,16461472
UD_001_D_088_02_a.jpg,C:\Users\Meybells\Downloads\incoming-assets\inventory-photos\s-and-s-sports-memorabilia\4UP\oriented\UD_001_D_088_02_a.jpg,.jpg,UD_001_D_088_02,a,26434809
UD_001_D_088_02_b.jpg,C:\Users\Meybells\Downloads\incoming-assets\inventory-photos\s-and-s-sports-memorabilia\4UP\oriented\UD_001_D_088_02_b.jpg,.jpg,UD_001_D_088_02,b,16461472
UD_001_D_088_03_a.jpg,C:\Users\Meybells\Downloads\incoming-assets\inventory-photos\s-and-s-sports-memorabilia\4UP\oriented\UD_001_D_088_03_a.jpg,.jpg,UD_001_D_088_03,a,26434809
UD_001_D_088_03_b.jpg,C:\Users\Meybells\Downloads\incoming-assets\inventory-photos\s-and-s-sports-memorabilia\4UP\oriented\UD_001_D_088_03_b.jpg,.jpg,UD_001_D_088_03,b,16461472
UD_001_D_088_04_a.jpg,C:\Users\Meybells\Downloads\incoming-assets\inventory-photos\s-and-s-sports-memorabilia\4UP\oriented\UD_001_D_088_04_a.jpg,.jpg,UD_001_D_088_04,a,26434809
UD_001_D_088_04_b.jpg,C:\Users\Meybells\Downloads\incoming-assets\inventory-photos\s-and-s-sports-memorabilia\4UP\oriented\UD_001_D_088_04_b.jpg,.jpg,UD_001_D_088_04,b,16461472
UD_001_E_065_01_a.jpg,C:\Users\Meybells\Downloads\incoming-assets\inventory-photos\s-and-s-sports-memorabilia\4UP\oriented\UD_001_E_065_01_a.jpg,.jpg,UD_001_E_065_01,a,25289867
UD_001_E_065_01_b.jpg,C:\Users\Meybells\Downloads\incoming-assets\inventory-photos\s-and-s-sports-memorabilia\4UP\oriented\UD_001_E_065_01_b.jpg,.jpg,UD_001_E_065_01,b,15790916
UD_001_E_065_02_a.jpg,C:\Users\Meybells\Downloads\incoming-assets\inventory-photos\s-and-s-sports-memorabilia\4UP\oriented\UD_001_E_065_02_a.jpg,.jpg,UD_001_E_065_02,a,25289867
UD_001_E_065_02_b.jpg,C:\Users\Meybells\Downloads\incoming-assets\inventory-photos\s-and-s-sports-memorabilia\4UP\oriented\UD_001_E_065_02_b.jpg,.jpg,UD_001_E_065_02,b,15790916
UD_001_E_065_03_a.jpg,C:\Users\Meybells\Downloads\incoming-assets\inventory-photos\s-and-s-sports-memorabilia\4UP\oriented\UD_001_E_065_03_a.jpg,.jpg,UD_001_E_065_03,a,25289867
UD_001_E_065_03_b.jpg,C:\Users\Meybells\Downloads\incoming-assets\inventory-photos\s-and-s-sports-memorabilia\4UP\oriented\UD_001_E_065_03_b.jpg,.jpg,UD_001_E_065_03,b,15790916
UD_001_E_065_04_a.jpg,C:\Users\Meybells\Downloads\incoming-assets\inventory-photos\s-and-s-sports-memorabilia\4UP\oriented\UD_001_E_065_04_a.jpg,.jpg,UD_001_E_065_04,a,25289867
UD_001_E_065_04_b.jpg,C:\Users\Meybells\Downloads\incoming-assets\inventory-photos\s-and-s-sports-memorabilia\4UP\oriented\UD_001_E_065_04_b.jpg,.jpg,UD_001_E_065_04,b,15790916
UD_001_E_090_01_a.jpg,C:\Users\Meybells\Downloads\incoming-assets\inventory-photos\s-and-s-sports-memorabilia\4UP\oriented\UD_001_E_090_01_a.jpg,.jpg,UD_001_E_090_01,a,21862024
UD_001_E_090_01_b.jpg,C:\Users\Meybells\Downloads\incoming-assets\inventory-photos\s-and-s-sports-memorabilia\4UP\oriented\UD_001_E_090_01_b.jpg,.jpg,UD_001_E_090_01,b,16034249
UD_001_E_090_02_a.jpg,C:\Users\Meybells\Downloads\incoming-assets\inventory-photos\s-and-s-sports-memorabilia\4UP\oriented\UD_001_E_090_02_a.jpg,.jpg,UD_001_E_090_02,a,21862024
UD_001_E_090_02_b.jpg,C:\Users\Meybells\Downloads\incoming-assets\inventory-photos\s-and-s-sports-memorabilia\4UP\oriented\UD_001_E_090_02_b.jpg,.jpg,UD_001_E_090_02,b,16034249
UD_001_E_090_03_a.jpg,C:\Users\Meybells\Downloads\incoming-assets\inventory-photos\s-and-s-sports-memorabilia\4UP\oriented\UD_001_E_090_03_a.jpg,.jpg,UD_001_E_090_03,a,21862024
UD_001_E_090_03_b.jpg,C:\Users\Meybells\Downloads\incoming-assets\inventory-photos\s-and-s-sports-memorabilia\4UP\oriented\UD_001_E_090_03_b.jpg,.jpg,UD_001_E_090_03,b,16034249
UD_001_E_090_04_a.jpg,C:\Users\Meybells\Downloads\incoming-assets\inventory-photos\s-and-s-sports-memorabilia\4UP\oriented\UD_001_E_090_04_a.jpg,.jpg,UD_001_E_090_04,a,21862024
UD_001_E_090_04_b.jpg,C:\Users\Meybells\Downloads\incoming-assets\inventory-photos\s-and-s-sports-memorabilia\4UP\oriented\UD_001_E_090_04_b.jpg,.jpg,UD_001_E_090_04,b,16034249
UD_001_E_091_01_a.jpg,C:\Users\Meybells\Downloads\incoming-assets\inventory-photos\s-and-s-sports-memorabilia\4UP\oriented\UD_001_E_091_01_a.jpg,.jpg,UD_001_E_091_01,a,24921125
UD_001_E_091_01_b.jpg,C:\Users\Meybells\Downloads\incoming-assets\inventory-photos\s-and-s-sports-memorabilia\4UP\oriented\UD_001_E_091_01_b.jpg,.jpg,UD_001_E_091_01,b,16090575
UD_001_E_091_02_a.jpg,C:\Users\Meybells\Downloads\incoming-assets\inventory-photos\s-and-s-sports-memorabilia\4UP\oriented\UD_001_E_091_02_a.jpg,.jpg,UD_001_E_091_02,a,24921125
UD_001_E_091_02_b.jpg,C:\Users\Meybells\Downloads\incoming-assets\inventory-photos\s-and-s-sports-memorabilia\4UP\oriented\UD_001_E_091_02_b.jpg,.jpg,UD_001_E_091_02,b,16090575
UD_001_E_091_03_a.jpg,C:\Users\Meybells\Downloads\incoming-assets\inventory-photos\s-and-s-sports-memorabilia\4UP\oriented\UD_001_E_091_03_a.jpg,.jpg,UD_001_E_091_03,a,24921125
UD_001_E_091_03_b.jpg,C:\Users\Meybells\Downloads\incoming-assets\inventory-photos\s-and-s-sports-memorabilia\4UP\oriented\UD_001_E_091_03_b.jpg,.jpg,UD_001_E_091_03,b,16090575
UD_001_E_091_04_a.jpg,C:\Users\Meybells\Downloads\incoming-assets\inventory-photos\s-and-s-sports-memorabilia\4UP\oriented\UD_001_E_091_04_a.jpg,.jpg,UD_001_E_091_04,a,24921125
UD_001_E_091_04_b.jpg,C:\Users\Meybells\Downloads\incoming-assets\inventory-photos\s-and-s-sports-memorabilia\4UP\oriented\UD_001_E_091_04_b.jpg,.jpg,UD_001_E_091_04,b,16090575
UD_001_E_092_01_a.jpg,C:\Users\Meybells\Downloads\incoming-assets\inventory-photos\s-and-s-sports-memorabilia\4UP\oriented\UD_001_E_092_01_a.jpg,.jpg,UD_001_E_092_01,a,22470182
UD_001_E_092_01_b.jpg,C:\Users\Meybells\Downloads\incoming-assets\inventory-photos\s-and-s-sports-memorabilia\4UP\oriented\UD_001_E_092_01_b.jpg,.jpg,UD_001_E_092_01,b,21494516
UD_001_E_092_02_a.jpg,C:\Users\Meybells\Downloads\incoming-assets\inventory-photos\s-and-s-sports-memorabilia\4UP\oriented\UD_001_E_092_02_a.jpg,.jpg,UD_001_E_092_02,a,22470182
UD_001_E_092_02_b.jpg,C:\Users\Meybells\Downloads\incoming-assets\inventory-photos\s-and-s-sports-memorabilia\4UP\oriented\UD_001_E_092_02_b.jpg,.jpg,UD_001_E_092_02,b,21494516
UD_001_E_092_03_a.jpg,C:\Users\Meybells\Downloads\incoming-assets\inventory-photos\s-and-s-sports-memorabilia\4UP\oriented\UD_001_E_092_03_a.jpg,.jpg,UD_001_E_092_03,a,22470182
UD_001_E_092_03_b.jpg,C:\Users\Meybells\Downloads\incoming-assets\inventory-photos\s-and-s-sports-memorabilia\4UP\oriented\UD_001_E_092_03_b.jpg,.jpg,UD_001_E_092_03,b,21494516
UD_001_E_092_04_a.jpg,C:\Users\Meybells\Downloads\incoming-assets\inventory-photos\s-and-s-sports-memorabilia\4UP\oriented\UD_001_E_092_04_a.jpg,.jpg,UD_001_E_092_04,a,22470182
UD_001_E_092_04_b.jpg,C:\Users\Meybells\Downloads\incoming-assets\inventory-photos\s-and-s-sports-memorabilia\4UP\oriented\UD_001_E_092_04_b.jpg,.jpg,UD_001_E_092_04,b,21494516
UD_001_F_093_01_a.jpg,C:\Users\Meybells\Downloads\incoming-assets\inventory-photos\s-and-s-sports-memorabilia\4UP\oriented\UD_001_F_093_01_a.jpg,.jpg,UD_001_F_093_01,a,27191086
UD_001_F_093_01_b.jpg,C:\Users\Meybells\Downloads\incoming-assets\inventory-photos\s-and-s-sports-memorabilia\4UP\oriented\UD_001_F_093_01_b.jpg,.jpg,UD_001_F_093_01,b,23002699
UD_001_F_093_02_a.jpg,C:\Users\Meybells\Downloads\incoming-assets\inventory-photos\s-and-s-sports-memorabilia\4UP\oriented\UD_001_F_093_02_a.jpg,.jpg,UD_001_F_093_02,a,27191086
UD_001_F_093_02_b.jpg,C:\Users\Meybells\Downloads\incoming-assets\inventory-photos\s-and-s-sports-memorabilia\4UP\oriented\UD_001_F_093_02_b.jpg,.jpg,UD_001_F_093_02,b,23002699
UD_001_F_093_03_a.jpg,C:\Users\Meybells\Downloads\incoming-assets\inventory-photos\s-and-s-sports-memorabilia\4UP\oriented\UD_001_F_093_03_a.jpg,.jpg,UD_001_F_093_03,a,27191086
UD_001_F_093_03_b.jpg,C:\Users\Meybells\Downloads\incoming-assets\inventory-photos\s-and-s-sports-memorabilia\4UP\oriented\UD_001_F_093_03_b.jpg,.jpg,UD_001_F_093_03,b,23002699
UD_001_F_093_04_a.jpg,C:\Users\Meybells\Downloads\incoming-assets\inventory-photos\s-and-s-sports-memorabilia\4UP\oriented\UD_001_F_093_04_a.jpg,.jpg,UD_001_F_093_04,a,27191086
UD_001_F_093_04_b.jpg,C:\Users\Meybells\Downloads\incoming-assets\inventory-photos\s-and-s-sports-memorabilia\4UP\oriented\UD_001_F_093_04_b.jpg,.jpg,UD_001_F_093_04,b,23002699
UD_001_F_094_01_a.jpg,C:\Users\Meybells\Downloads\incoming-assets\inventory-photos\s-and-s-sports-memorabilia\4UP\oriented\UD_001_F_094_01_a.jpg,.jpg,UD_001_F_094_01,a,28835376
UD_001_F_094_01_b.jpg,C:\Users\Meybells\Downloads\incoming-assets\inventory-photos\s-and-s-sports-memorabilia\4UP\oriented\UD_001_F_094_01_b.jpg,.jpg,UD_001_F_094_01,b,22952646
UD_001_F_094_02_a.jpg,C:\Users\Meybells\Downloads\incoming-assets\inventory-photos\s-and-s-sports-memorabilia\4UP\oriented\UD_001_F_094_02_a.jpg,.jpg,UD_001_F_094_02,a,28835376
UD_001_F_094_02_b.jpg,C:\Users\Meybells\Downloads\incoming-assets\inventory-photos\s-and-s-sports-memorabilia\4UP\oriented\UD_001_F_094_02_b.jpg,.jpg,UD_001_F_094_02,b,22952646
UD_001_F_094_03_a.jpg,C:\Users\Meybells\Downloads\incoming-assets\inventory-photos\s-and-s-sports-memorabilia\4UP\oriented\UD_001_F_094_03_a.jpg,.jpg,UD_001_F_094_03,a,28835376
UD_001_F_094_03_b.jpg,C:\Users\Meybells\Downloads\incoming-assets\inventory-photos\s-and-s-sports-memorabilia\4UP\oriented\UD_001_F_094_03_b.jpg,.jpg,UD_001_F_094_03,b,22952646
UD_001_F_094_04_a.jpg,C:\Users\Meybells\Downloads\incoming-assets\inventory-photos\s-and-s-sports-memorabilia\4UP\oriented\UD_001_F_094_04_a.jpg,.jpg,UD_001_F_094_04,a,28835376
UD_001_F_094_04_b.jpg,C:\Users\Meybells\Downloads\incoming-assets\inventory-photos\s-and-s-sports-memorabilia\4UP\oriented\UD_001_F_094_04_b.jpg,.jpg,UD_001_F_094_04,b,22952646
UD_001_G_097_01_a.jpg,C:\Users\Meybells\Downloads\incoming-assets\inventory-photos\s-and-s-sports-memorabilia\4UP\oriented\UD_001_G_097_01_a.jpg,.jpg,UD_001_G_097_01,a,23722711
UD_001_G_097_01_b.jpg,C:\Users\Meybells\Downloads\incoming-assets\inventory-photos\s-and-s-sports-memorabilia\4UP\oriented\UD_001_G_097_01_b.jpg,.jpg,UD_001_G_097_01,b,23196541
UD_001_G_097_02_a.jpg,C:\Users\Meybells\Downloads\incoming-assets\inventory-photos\s-and-s-sports-memorabilia\4UP\oriented\UD_001_G_097_02_a.jpg,.jpg,UD_001_G_097_02,a,23722711
UD_001_G_097_02_b.jpg,C:\Users\Meybells\Downloads\incoming-assets\inventory-photos\s-and-s-sports-memorabilia\4UP\oriented\UD_001_G_097_02_b.jpg,.jpg,UD_001_G_097_02,b,23196541
UD_001_G_097_03_a.jpg,C:\Users\Meybells\Downloads\incoming-assets\inventory-photos\s-and-s-sports-memorabilia\4UP\oriented\UD_001_G_097_03_a.jpg,.jpg,UD_001_G_097_03,a,23722711
UD_001_G_097_03_b.jpg,C:\Users\Meybells\Downloads\incoming-assets\inventory-photos\s-and-s-sports-memorabilia\4UP\oriented\UD_001_G_097_03_b.jpg,.jpg,UD_001_G_097_03,b,23196541
UD_001_G_097_04_a.jpg,C:\Users\Meybells\Downloads\incoming-assets\inventory-photos\s-and-s-sports-memorabilia\4UP\oriented\UD_001_G_097_04_a.jpg,.jpg,UD_001_G_097_04,a,23722711
UD_001_G_097_04_b.jpg,C:\Users\Meybells\Downloads\incoming-assets\inventory-photos\s-and-s-sports-memorabilia\4UP\oriented\UD_001_G_097_04_b.jpg,.jpg,UD_001_G_097_04,b,23196541
UD_001_G_098_01_a.jpg,C:\Users\Meybells\Downloads\incoming-assets\inventory-photos\s-and-s-sports-memorabilia\4UP\oriented\UD_001_G_098_01_a.jpg,.jpg,UD_001_G_098_01,a,26635522
UD_001_G_098_01_b.jpg,C:\Users\Meybells\Downloads\incoming-assets\inventory-photos\s-and-s-sports-memorabilia\4UP\oriented\UD_001_G_098_01_b.jpg,.jpg,UD_001_G_098_01,b,22792482
UD_001_G_098_02_a.jpg,C:\Users\Meybells\Downloads\incoming-assets\inventory-photos\s-and-s-sports-memorabilia\4UP\oriented\UD_001_G_098_02_a.jpg,.jpg,UD_001_G_098_02,a,26635522
UD_001_G_098_02_b.jpg,C:\Users\Meybells\Downloads\incoming-assets\inventory-photos\s-and-s-sports-memorabilia\4UP\oriented\UD_001_G_098_02_b.jpg,.jpg,UD_001_G_098_02,b,22792482
UD_001_G_098_03_a.jpg,C:\Users\Meybells\Downloads\incoming-assets\inventory-photos\s-and-s-sports-memorabilia\4UP\oriented\UD_001_G_098_03_a.jpg,.jpg,UD_001_G_098_03,a,26635522
UD_001_G_098_03_b.jpg,C:\Users\Meybells\Downloads\incoming-assets\inventory-photos\s-and-s-sports-memorabilia\4UP\oriented\UD_001_G_098_03_b.jpg,.jpg,UD_001_G_098_03,b,22792482
UD_001_G_098_04_a.jpg,C:\Users\Meybells\Downloads\incoming-assets\inventory-photos\s-and-s-sports-memorabilia\4UP\oriented\UD_001_G_098_04_a.jpg,.jpg,UD_001_G_098_04,a,26635522
UD_001_G_098_04_b.jpg,C:\Users\Meybells\Downloads\incoming-assets\inventory-photos\s-and-s-sports-memorabilia\4UP\oriented\UD_001_G_098_04_b.jpg,.jpg,UD_001_G_098_04,b,22792482
UD_002_A_0099_01_a.jpg,C:\Users\Meybells\Downloads\incoming-assets\inventory-photos\s-and-s-sports-memorabilia\4UP\oriented\UD_002_A_0099_01_a.jpg,.jpg,UD_002_A_0099_01,a,30243405
UD_002_A_0099_01_b.jpg,C:\Users\Meybells\Downloads\incoming-assets\inventory-photos\s-and-s-sports-memorabilia\4UP\oriented\UD_002_A_0099_01_b.jpg,.jpg,UD_002_A_0099_01,b,21515531
UD_002_A_0099_02_a.jpg,C:\Users\Meybells\Downloads\incoming-assets\inventory-photos\s-and-s-sports-memorabilia\4UP\oriented\UD_002_A_0099_02_a.jpg,.jpg,UD_002_A_0099_02,a,30243405
UD_002_A_0099_02_b.jpg,C:\Users\Meybells\Downloads\incoming-assets\inventory-photos\s-and-s-sports-memorabilia\4UP\oriented\UD_002_A_0099_02_b.jpg,.jpg,UD_002_A_0099_02,b,21515531
UD_002_A_0099_03_a.jpg,C:\Users\Meybells\Downloads\incoming-assets\inventory-photos\s-and-s-sports-memorabilia\4UP\oriented\UD_002_A_0099_03_a.jpg,.jpg,UD_002_A_0099_03,a,30243405
UD_002_A_0099_03_b.jpg,C:\Users\Meybells\Downloads\incoming-assets\inventory-photos\s-and-s-sports-memorabilia\4UP\oriented\UD_002_A_0099_03_b.jpg,.jpg,UD_002_A_0099_03,b,21515531
UD_002_A_0099_04_a.jpg,C:\Users\Meybells\Downloads\incoming-assets\inventory-photos\s-and-s-sports-memorabilia\4UP\oriented\UD_002_A_0099_04_a.jpg,.jpg,UD_002_A_0099_04,a,30243405
UD_002_A_0099_04_b.jpg,C:\Users\Meybells\Downloads\incoming-assets\inventory-photos\s-and-s-sports-memorabilia\4UP\oriented\UD_002_A_0099_04_b.jpg,.jpg,UD_002_A_0099_04,b,21515531
UD_002_A_0101_01_a.jpg,C:\Users\Meybells\Downloads\incoming-assets\inventory-photos\s-and-s-sports-memorabilia\4UP\oriented\UD_002_A_0101_01_a.jpg,.jpg,UD_002_A_0101_01,a,30146024
UD_002_A_0101_01_b.jpg,C:\Users\Meybells\Downloads\incoming-assets\inventory-photos\s-and-s-sports-memorabilia\4UP\oriented\UD_002_A_0101_01_b.jpg,.jpg,UD_002_A_0101_01,b,17986007
UD_002_A_0101_02_a.jpg,C:\Users\Meybells\Downloads\incoming-assets\inventory-photos\s-and-s-sports-memorabilia\4UP\oriented\UD_002_A_0101_02_a.jpg,.jpg,UD_002_A_0101_02,a,30146024
UD_002_A_0101_02_b.jpg,C:\Users\Meybells\Downloads\incoming-assets\inventory-photos\s-and-s-sports-memorabilia\4UP\oriented\UD_002_A_0101_02_b.jpg,.jpg,UD_002_A_0101_02,b,17986007
UD_002_A_0101_03_a.jpg,C:\Users\Meybells\Downloads\incoming-assets\inventory-photos\s-and-s-sports-memorabilia\4UP\oriented\UD_002_A_0101_03_a.jpg,.jpg,UD_002_A_0101_03,a,30146024
UD_002_A_0101_03_b.jpg,C:\Users\Meybells\Downloads\incoming-assets\inventory-photos\s-and-s-sports-memorabilia\4UP\oriented\UD_002_A_0101_03_b.jpg,.jpg,UD_002_A_0101_03,b,17986007
UD_002_A_0101_04_a.jpg,C:\Users\Meybells\Downloads\incoming-assets\inventory-photos\s-and-s-sports-memorabilia\4UP\oriented\UD_002_A_0101_04_a.jpg,.jpg,UD_002_A_0101_04,a,30146024
UD_002_A_0101_04_b.jpg,C:\Users\Meybells\Downloads\incoming-assets\inventory-photos\s-and-s-sports-memorabilia\4UP\oriented\UD_002_A_0101_04_b.jpg,.jpg,UD_002_A_0101_04,b,17986007
UD_002_A_0105_01_a.jpg,C:\Users\Meybells\Downloads\incoming-assets\inventory-photos\s-and-s-sports-memorabilia\4UP\oriented\UD_002_A_0105_01_a.jpg,.jpg,UD_002_A_0105_01,a,30131401
UD_002_A_0105_01_b.jpg,C:\Users\Meybells\Downloads\incoming-assets\inventory-photos\s-and-s-sports-memorabilia\4UP\oriented\UD_002_A_0105_01_b.jpg,.jpg,UD_002_A_0105_01,b,18493269
UD_002_A_0105_02_a.jpg,C:\Users\Meybells\Downloads\incoming-assets\inventory-photos\s-and-s-sports-memorabilia\4UP\oriented\UD_002_A_0105_02_a.jpg,.jpg,UD_002_A_0105_02,a,30131401
UD_002_A_0105_02_b.jpg,C:\Users\Meybells\Downloads\incoming-assets\inventory-photos\s-and-s-sports-memorabilia\4UP\oriented\UD_002_A_0105_02_b.jpg,.jpg,UD_002_A_0105_02,b,18493269
UD_002_A_0105_03_a.jpg,C:\Users\Meybells\Downloads\incoming-assets\inventory-photos\s-and-s-sports-memorabilia\4UP\oriented\UD_002_A_0105_03_a.jpg,.jpg,UD_002_A_0105_03,a,30131401
UD_002_A_0105_03_b.jpg,C:\Users\Meybells\Downloads\incoming-assets\inventory-photos\s-and-s-sports-memorabilia\4UP\oriented\UD_002_A_0105_03_b.jpg,.jpg,UD_002_A_0105_03,b,18493269
UD_002_A_0105_04_a.jpg,C:\Users\Meybells\Downloads\incoming-assets\inventory-photos\s-and-s-sports-memorabilia\4UP\oriented\UD_002_A_0105_04_a.jpg,.jpg,UD_002_A_0105_04,a,30131401
UD_002_A_0105_04_b.jpg,C:\Users\Meybells\Downloads\incoming-assets\inventory-photos\s-and-s-sports-memorabilia\4UP\oriented\UD_002_A_0105_04_b.jpg,.jpg,UD_002_A_0105_04,b,18493269
UD_002_A_0107_01_a.jpg,C:\Users\Meybells\Downloads\incoming-assets\inventory-photos\s-and-s-sports-memorabilia\4UP\oriented\UD_002_A_0107_01_a.jpg,.jpg,UD_002_A_0107_01,a,30308933
UD_002_A_0107_01_b.jpg,C:\Users\Meybells\Downloads\incoming-assets\inventory-photos\s-and-s-sports-memorabilia\4UP\oriented\UD_002_A_0107_01_b.jpg,.jpg,UD_002_A_0107_01,b,18546958
UD_002_A_0107_02_a.jpg,C:\Users\Meybells\Downloads\incoming-assets\inventory-photos\s-and-s-sports-memorabilia\4UP\oriented\UD_002_A_0107_02_a.jpg,.jpg,UD_002_A_0107_02,a,30308933
UD_002_A_0107_02_b.jpg,C:\Users\Meybells\Downloads\incoming-assets\inventory-photos\s-and-s-sports-memorabilia\4UP\oriented\UD_002_A_0107_02_b.jpg,.jpg,UD_002_A_0107_02,b,18546958
UD_002_A_0107_03_a.jpg,C:\Users\Meybells\Downloads\incoming-assets\inventory-photos\s-and-s-sports-memorabilia\4UP\oriented\UD_002_A_0107_03_a.jpg,.jpg,UD_002_A_0107_03,a,30308933
UD_002_A_0107_03_b.jpg,C:\Users\Meybells\Downloads\incoming-assets\inventory-photos\s-and-s-sports-memorabilia\4UP\oriented\UD_002_A_0107_03_b.jpg,.jpg,UD_002_A_0107_03,b,18546958
UD_002_A_0107_04_a.jpg,C:\Users\Meybells\Downloads\incoming-assets\inventory-photos\s-and-s-sports-memorabilia\4UP\oriented\UD_002_A_0107_04_a.jpg,.jpg,UD_002_A_0107_04,a,30308933
UD_002_A_0107_04_b.jpg,C:\Users\Meybells\Downloads\incoming-assets\inventory-photos\s-and-s-sports-memorabilia\4UP\oriented\UD_002_A_0107_04_b.jpg,.jpg,UD_002_A_0107_04,b,18546958
UD_002_A_0108_01_a.jpg,C:\Users\Meybells\Downloads\incoming-assets\inventory-photos\s-and-s-sports-memorabilia\4UP\oriented\UD_002_A_0108_01_a.jpg,.jpg,UD_002_A_0108_01,a,26888846
UD_002_A_0108_01_b.jpg,C:\Users\Meybells\Downloads\incoming-assets\inventory-photos\s-and-s-sports-memorabilia\4UP\oriented\UD_002_A_0108_01_b.jpg,.jpg,UD_002_A_0108_01,b,16121228
UD_002_A_0108_02_a.jpg,C:\Users\Meybells\Downloads\incoming-assets\inventory-photos\s-and-s-sports-memorabilia\4UP\oriented\UD_002_A_0108_02_a.jpg,.jpg,UD_002_A_0108_02,a,26888846
UD_002_A_0108_02_b.jpg,C:\Users\Meybells\Downloads\incoming-assets\inventory-photos\s-and-s-sports-memorabilia\4UP\oriented\UD_002_A_0108_02_b.jpg,.jpg,UD_002_A_0108_02,b,16121228
UD_002_A_0108_03_a.jpg,C:\Users\Meybells\Downloads\incoming-assets\inventory-photos\s-and-s-sports-memorabilia\4UP\oriented\UD_002_A_0108_03_a.jpg,.jpg,UD_002_A_0108_03,a,26888846
UD_002_A_0108_03_b.jpg,C:\Users\Meybells\Downloads\incoming-assets\inventory-photos\s-and-s-sports-memorabilia\4UP\oriented\UD_002_A_0108_03_b.jpg,.jpg,UD_002_A_0108_03,b,16121228
UD_002_A_0108_04_a.jpg,C:\Users\Meybells\Downloads\incoming-assets\inventory-photos\s-and-s-sports-memorabilia\4UP\oriented\UD_002_A_0108_04_a.jpg,.jpg,UD_002_A_0108_04,a,26888846
UD_002_A_0108_04_b.jpg,C:\Users\Meybells\Downloads\incoming-assets\inventory-photos\s-and-s-sports-memorabilia\4UP\oriented\UD_002_A_0108_04_b.jpg,.jpg,UD_002_A_0108_04,b,16121228
UD_002_A_0109_01_a.jpg,C:\Users\Meybells\Downloads\incoming-assets\inventory-photos\s-and-s-sports-memorabilia\4UP\oriented\UD_002_A_0109_01_a.jpg,.jpg,UD_002_A_0109_01,a,19546609
UD_002_A_0109_01_b.jpg,C:\Users\Meybells\Downloads\incoming-assets\inventory-photos\s-and-s-sports-memorabilia\4UP\oriented\UD_002_A_0109_01_b.jpg,.jpg,UD_002_A_0109_01,b,20427532
UD_002_A_0109_02_a.jpg,C:\Users\Meybells\Downloads\incoming-assets\inventory-photos\s-and-s-sports-memorabilia\4UP\oriented\UD_002_A_0109_02_a.jpg,.jpg,UD_002_A_0109_02,a,19546609
UD_002_A_0109_02_b.jpg,C:\Users\Meybells\Downloads\incoming-assets\inventory-photos\s-and-s-sports-memorabilia\4UP\oriented\UD_002_A_0109_02_b.jpg,.jpg,UD_002_A_0109_02,b,20427532
UD_002_A_0109_03_a.jpg,C:\Users\Meybells\Downloads\incoming-assets\inventory-photos\s-and-s-sports-memorabilia\4UP\oriented\UD_002_A_0109_03_a.jpg,.jpg,UD_002_A_0109_03,a,19546609
UD_002_A_0109_03_b.jpg,C:\Users\Meybells\Downloads\incoming-assets\inventory-photos\s-and-s-sports-memorabilia\4UP\oriented\UD_002_A_0109_03_b.jpg,.jpg,UD_002_A_0109_03,b,20427532
UD_002_A_0109_04_a.jpg,C:\Users\Meybells\Downloads\incoming-assets\inventory-photos\s-and-s-sports-memorabilia\4UP\oriented\UD_002_A_0109_04_a.jpg,.jpg,UD_002_A_0109_04,a,19546609
UD_002_A_0109_04_b.jpg,C:\Users\Meybells\Downloads\incoming-assets\inventory-photos\s-and-s-sports-memorabilia\4UP\oriented\UD_002_A_0109_04_b.jpg,.jpg,UD_002_A_0109_04,b,20427532
UD_002_A_0110_01_a.jpg,C:\Users\Meybells\Downloads\incoming-assets\inventory-photos\s-and-s-sports-memorabilia\4UP\oriented\UD_002_A_0110_01_a.jpg,.jpg,UD_002_A_0110_01,a,28216279
UD_002_A_0110_01_b.jpg,C:\Users\Meybells\Downloads\incoming-assets\inventory-photos\s-and-s-sports-memorabilia\4UP\oriented\UD_002_A_0110_01_b.jpg,.jpg,UD_002_A_0110_01,b,18462578
UD_002_A_0110_02_a.jpg,C:\Users\Meybells\Downloads\incoming-assets\inventory-photos\s-and-s-sports-memorabilia\4UP\oriented\UD_002_A_0110_02_a.jpg,.jpg,UD_002_A_0110_02,a,28216279
UD_002_A_0110_02_b.jpg,C:\Users\Meybells\Downloads\incoming-assets\inventory-photos\s-and-s-sports-memorabilia\4UP\oriented\UD_002_A_0110_02_b.jpg,.jpg,UD_002_A_0110_02,b,18462578
UD_002_A_0110_03_a.jpg,C:\Users\Meybells\Downloads\incoming-assets\inventory-photos\s-and-s-sports-memorabilia\4UP\oriented\UD_002_A_0110_03_a.jpg,.jpg,UD_002_A_0110_03,a,28216279
UD_002_A_0110_03_b.jpg,C:\Users\Meybells\Downloads\incoming-assets\inventory-photos\s-and-s-sports-memorabilia\4UP\oriented\UD_002_A_0110_03_b.jpg,.jpg,UD_002_A_0110_03,b,18462578
UD_002_A_0110_04_a.jpg,C:\Users\Meybells\Downloads\incoming-assets\inventory-photos\s-and-s-sports-memorabilia\4UP\oriented\UD_002_A_0110_04_a.jpg,.jpg,UD_002_A_0110_04,a,28216279
UD_002_A_0110_04_b.jpg,C:\Users\Meybells\Downloads\incoming-assets\inventory-photos\s-and-s-sports-memorabilia\4UP\oriented\UD_002_A_0110_04_b.jpg,.jpg,UD_002_A_0110_04,b,18462578
UD_002_A_0113_01_a.jpg,C:\Users\Meybells\Downloads\incoming-assets\inventory-photos\s-and-s-sports-memorabilia\4UP\oriented\UD_002_A_0113_01_a.jpg,.jpg,UD_002_A_0113_01,a,25159546
UD_002_A_0113_01_b.jpg,C:\Users\Meybells\Downloads\incoming-assets\inventory-photos\s-and-s-sports-memorabilia\4UP\oriented\UD_002_A_0113_01_b.jpg,.jpg,UD_002_A_0113_01,b,15976772
UD_002_A_0113_02_a.jpg,C:\Users\Meybells\Downloads\incoming-assets\inventory-photos\s-and-s-sports-memorabilia\4UP\oriented\UD_002_A_0113_02_a.jpg,.jpg,UD_002_A_0113_02,a,25159546
UD_002_A_0113_02_b.jpg,C:\Users\Meybells\Downloads\incoming-assets\inventory-photos\s-and-s-sports-memorabilia\4UP\oriented\UD_002_A_0113_02_b.jpg,.jpg,UD_002_A_0113_02,b,15976772
UD_002_A_0113_03_a.jpg,C:\Users\Meybells\Downloads\incoming-assets\inventory-photos\s-and-s-sports-memorabilia\4UP\oriented\UD_002_A_0113_03_a.jpg,.jpg,UD_002_A_0113_03,a,25159546
UD_002_A_0113_03_b.jpg,C:\Users\Meybells\Downloads\incoming-assets\inventory-photos\s-and-s-sports-memorabilia\4UP\oriented\UD_002_A_0113_03_b.jpg,.jpg,UD_002_A_0113_03,b,15976772
UD_002_A_0113_04_a.jpg,C:\Users\Meybells\Downloads\incoming-assets\inventory-photos\s-and-s-sports-memorabilia\4UP\oriented\UD_002_A_0113_04_a.jpg,.jpg,UD_002_A_0113_04,a,25159546
UD_002_A_0113_04_b.jpg,C:\Users\Meybells\Downloads\incoming-assets\inventory-photos\s-and-s-sports-memorabilia\4UP\oriented\UD_002_A_0113_04_b.jpg,.jpg,UD_002_A_0113_04,b,15976772
UD_002_B_0001_01_a.jpg,C:\Users\Meybells\Downloads\incoming-assets\inventory-photos\s-and-s-sports-memorabilia\4UP\oriented\UD_002_B_0001_01_a.jpg,.jpg,UD_002_B_0001_01,a,25659612
UD_002_B_0001_01_b.jpg,C:\Users\Meybells\Downloads\incoming-assets\inventory-photos\s-and-s-sports-memorabilia\4UP\oriented\UD_002_B_0001_01_b.jpg,.jpg,UD_002_B_0001_01,b,20843626
UD_002_B_0001_02_a.jpg,C:\Users\Meybells\Downloads\incoming-assets\inventory-photos\s-and-s-sports-memorabilia\4UP\oriented\UD_002_B_0001_02_a.jpg,.jpg,UD_002_B_0001_02,a,25659612
UD_002_B_0001_02_b.jpg,C:\Users\Meybells\Downloads\incoming-assets\inventory-photos\s-and-s-sports-memorabilia\4UP\oriented\UD_002_B_0001_02_b.jpg,.jpg,UD_002_B_0001_02,b,20843626
UD_002_B_0001_03_a.jpg,C:\Users\Meybells\Downloads\incoming-assets\inventory-photos\s-and-s-sports-memorabilia\4UP\oriented\UD_002_B_0001_03_a.jpg,.jpg,UD_002_B_0001_03,a,25659612
UD_002_B_0001_03_b.jpg,C:\Users\Meybells\Downloads\incoming-assets\inventory-photos\s-and-s-sports-memorabilia\4UP\oriented\UD_002_B_0001_03_b.jpg,.jpg,UD_002_B_0001_03,b,20843626
UD_002_B_0001_04_a.jpg,C:\Users\Meybells\Downloads\incoming-assets\inventory-photos\s-and-s-sports-memorabilia\4UP\oriented\UD_002_B_0001_04_a.jpg,.jpg,UD_002_B_0001_04,a,25659612
UD_002_B_0001_04_b.jpg,C:\Users\Meybells\Downloads\incoming-assets\inventory-photos\s-and-s-sports-memorabilia\4UP\oriented\UD_002_B_0001_04_b.jpg,.jpg,UD_002_B_0001_04,b,20843626
UD_002_B_0002_01_a.jpg,C:\Users\Meybells\Downloads\incoming-assets\inventory-photos\s-and-s-sports-memorabilia\4UP\oriented\UD_002_B_0002_01_a.jpg,.jpg,UD_002_B_0002_01,a,20980550
UD_002_B_0002_01_b.jpg,C:\Users\Meybells\Downloads\incoming-assets\inventory-photos\s-and-s-sports-memorabilia\4UP\oriented\UD_002_B_0002_01_b.jpg,.jpg,UD_002_B_0002_01,b,17630550
UD_002_B_0002_02_a.jpg,C:\Users\Meybells\Downloads\incoming-assets\inventory-photos\s-and-s-sports-memorabilia\4UP\oriented\UD_002_B_0002_02_a.jpg,.jpg,UD_002_B_0002_02,a,20980550
UD_002_B_0002_02_b.jpg,C:\Users\Meybells\Downloads\incoming-assets\inventory-photos\s-and-s-sports-memorabilia\4UP\oriented\UD_002_B_0002_02_b.jpg,.jpg,UD_002_B_0002_02,b,17630550
UD_002_B_0002_03_a.jpg,C:\Users\Meybells\Downloads\incoming-assets\inventory-photos\s-and-s-sports-memorabilia\4UP\oriented\UD_002_B_0002_03_a.jpg,.jpg,UD_002_B_0002_03,a,20980550
UD_002_B_0002_03_b.jpg,C:\Users\Meybells\Downloads\incoming-assets\inventory-photos\s-and-s-sports-memorabilia\4UP\oriented\UD_002_B_0002_03_b.jpg,.jpg,UD_002_B_0002_03,b,17630550
UD_002_B_0002_04_a.jpg,C:\Users\Meybells\Downloads\incoming-assets\inventory-photos\s-and-s-sports-memorabilia\4UP\oriented\UD_002_B_0002_04_a.jpg,.jpg,UD_002_B_0002_04,a,20980550
UD_002_B_0002_04_b.jpg,C:\Users\Meybells\Downloads\incoming-assets\inventory-photos\s-and-s-sports-memorabilia\4UP\oriented\UD_002_B_0002_04_b.jpg,.jpg,UD_002_B_0002_04,b,17630550
UD_002_B_0003_01_a.jpg,C:\Users\Meybells\Downloads\incoming-assets\inventory-photos\s-and-s-sports-memorabilia\4UP\oriented\UD_002_B_0003_01_a.jpg,.jpg,UD_002_B_0003_01,a,20463978
UD_002_B_0003_01_b.jpg,C:\Users\Meybells\Downloads\incoming-assets\inventory-photos\s-and-s-sports-memorabilia\4UP\oriented\UD_002_B_0003_01_b.jpg,.jpg,UD_002_B_0003_01,b,21107378
UD_002_B_0003_02_a.jpg,C:\Users\Meybells\Downloads\incoming-assets\inventory-photos\s-and-s-sports-memorabilia\4UP\oriented\UD_002_B_0003_02_a.jpg,.jpg,UD_002_B_0003_02,a,20463978
UD_002_B_0003_02_b.jpg,C:\Users\Meybells\Downloads\incoming-assets\inventory-photos\s-and-s-sports-memorabilia\4UP\oriented\UD_002_B_0003_02_b.jpg,.jpg,UD_002_B_0003_02,b,20995008
UD_002_B_0003_03_a.jpg,C:\Users\Meybells\Downloads\incoming-assets\inventory-photos\s-and-s-sports-memorabilia\4UP\oriented\UD_002_B_0003_03_a.jpg,.jpg,UD_002_B_0003_03,a,20463978
UD_002_B_0003_03_b.jpg,C:\Users\Meybells\Downloads\incoming-assets\inventory-photos\s-and-s-sports-memorabilia\4UP\oriented\UD_002_B_0003_03_b.jpg,.jpg,UD_002_B_0003_03,b,20995008
UD_002_B_0003_04_a.jpg,C:\Users\Meybells\Downloads\incoming-assets\inventory-photos\s-and-s-sports-memorabilia\4UP\oriented\UD_002_B_0003_04_a.jpg,.jpg,UD_002_B_0003_04,a,20463978
UD_002_B_0003_04_b.jpg,C:\Users\Meybells\Downloads\incoming-assets\inventory-photos\s-and-s-sports-memorabilia\4UP\oriented\UD_002_B_0003_04_b.jpg,.jpg,UD_002_B_0003_04,b,20995008
UD_002_B_0006_01_01_a.jpg,C:\Users\Meybells\Downloads\incoming-assets\inventory-photos\s-and-s-sports-memorabilia\4UP\oriented\UD_002_B_0006_01_01_a.jpg,.jpg,UD_002_B_0006_01_01,a,21933952
UD_002_B_0006_01_01_b.jpg,C:\Users\Meybells\Downloads\incoming-assets\inventory-photos\s-and-s-sports-memorabilia\4UP\oriented\UD_002_B_0006_01_01_b.jpg,.jpg,UD_002_B_0006_01_01,b,17860004
UD_002_B_0006_01_02_a.jpg,C:\Users\Meybells\Downloads\incoming-assets\inventory-photos\s-and-s-sports-memorabilia\4UP\oriented\UD_002_B_0006_01_02_a.jpg,.jpg,UD_002_B_0006_01_02,a,21933952
UD_002_B_0006_01_02_b.jpg,C:\Users\Meybells\Downloads\incoming-assets\inventory-photos\s-and-s-sports-memorabilia\4UP\oriented\UD_002_B_0006_01_02_b.jpg,.jpg,UD_002_B_0006_01_02,b,17860004
UD_002_B_0006_01_03_a.jpg,C:\Users\Meybells\Downloads\incoming-assets\inventory-photos\s-and-s-sports-memorabilia\4UP\oriented\UD_002_B_0006_01_03_a.jpg,.jpg,UD_002_B_0006_01_03,a,21933952
UD_002_B_0006_01_03_b.jpg,C:\Users\Meybells\Downloads\incoming-assets\inventory-photos\s-and-s-sports-memorabilia\4UP\oriented\UD_002_B_0006_01_03_b.jpg,.jpg,UD_002_B_0006_01_03,b,17860004
UD_002_B_0006_01_04_a.jpg,C:\Users\Meybells\Downloads\incoming-assets\inventory-photos\s-and-s-sports-memorabilia\4UP\oriented\UD_002_B_0006_01_04_a.jpg,.jpg,UD_002_B_0006_01_04,a,21933952
UD_002_B_0006_01_04_b.jpg,C:\Users\Meybells\Downloads\incoming-assets\inventory-photos\s-and-s-sports-memorabilia\4UP\oriented\UD_002_B_0006_01_04_b.jpg,.jpg,UD_002_B_0006_01_04,b,17860004
UD_002_B_0006_02_01_a.jpg,C:\Users\Meybells\Downloads\incoming-assets\inventory-photos\s-and-s-sports-memorabilia\4UP\oriented\UD_002_B_0006_02_01_a.jpg,.jpg,UD_002_B_0006_02_01,a,15725343
UD_002_B_0006_02_01_b.jpg,C:\Users\Meybells\Downloads\incoming-assets\inventory-photos\s-and-s-sports-memorabilia\4UP\oriented\UD_002_B_0006_02_01_b.jpg,.jpg,UD_002_B_0006_02_01,b,17860004
UD_002_B_0006_02_02_a.jpg,C:\Users\Meybells\Downloads\incoming-assets\inventory-photos\s-and-s-sports-memorabilia\4UP\oriented\UD_002_B_0006_02_02_a.jpg,.jpg,UD_002_B_0006_02_02,a,15725343
UD_002_B_0006_02_02_b.jpg,C:\Users\Meybells\Downloads\incoming-assets\inventory-photos\s-and-s-sports-memorabilia\4UP\oriented\UD_002_B_0006_02_02_b.jpg,.jpg,UD_002_B_0006_02_02,b,17860004
UD_002_B_0006_02_03_a.jpg,C:\Users\Meybells\Downloads\incoming-assets\inventory-photos\s-and-s-sports-memorabilia\4UP\oriented\UD_002_B_0006_02_03_a.jpg,.jpg,UD_002_B_0006_02_03,a,15725343
UD_002_B_0006_02_03_b.jpg,C:\Users\Meybells\Downloads\incoming-assets\inventory-photos\s-and-s-sports-memorabilia\4UP\oriented\UD_002_B_0006_02_03_b.jpg,.jpg,UD_002_B_0006_02_03,b,17860004
UD_002_B_0006_02_04_a.jpg,C:\Users\Meybells\Downloads\incoming-assets\inventory-photos\s-and-s-sports-memorabilia\4UP\oriented\UD_002_B_0006_02_04_a.jpg,.jpg,UD_002_B_0006_02_04,a,15725343
UD_002_B_0006_02_04_b.jpg,C:\Users\Meybells\Downloads\incoming-assets\inventory-photos\s-and-s-sports-memorabilia\4UP\oriented\UD_002_B_0006_02_04_b.jpg,.jpg,UD_002_B_0006_02_04,b,17860004
UD_002_B_0006_03_01_a.jpg,C:\Users\Meybells\Downloads\incoming-assets\inventory-photos\s-and-s-sports-memorabilia\4UP\oriented\UD_002_B_0006_03_01_a.jpg,.jpg,UD_002_B_0006_03_01,a,21933952
UD_002_B_0006_03_01_b.jpg,C:\Users\Meybells\Downloads\incoming-assets\inventory-photos\s-and-s-sports-memorabilia\4UP\oriented\UD_002_B_0006_03_01_b.jpg,.jpg,UD_002_B_0006_03_01,b,17860004
UD_002_B_0006_03_02_a.jpg,C:\Users\Meybells\Downloads\incoming-assets\inventory-photos\s-and-s-sports-memorabilia\4UP\oriented\UD_002_B_0006_03_02_a.jpg,.jpg,UD_002_B_0006_03_02,a,21933952
UD_002_B_0006_03_02_b.jpg,C:\Users\Meybells\Downloads\incoming-assets\inventory-photos\s-and-s-sports-memorabilia\4UP\oriented\UD_002_B_0006_03_02_b.jpg,.jpg,UD_002_B_0006_03_02,b,17860004
UD_002_B_0006_03_03_a.jpg,C:\Users\Meybells\Downloads\incoming-assets\inventory-photos\s-and-s-sports-memorabilia\4UP\oriented\UD_002_B_0006_03_03_a.jpg,.jpg,UD_002_B_0006_03_03,a,21933952
UD_002_B_0006_03_03_b.jpg,C:\Users\Meybells\Downloads\incoming-assets\inventory-photos\s-and-s-sports-memorabilia\4UP\oriented\UD_002_B_0006_03_03_b.jpg,.jpg,UD_002_B_0006_03_03,b,17860004
UD_002_B_0006_03_04_a.jpg,C:\Users\Meybells\Downloads\incoming-assets\inventory-photos\s-and-s-sports-memorabilia\4UP\oriented\UD_002_B_0006_03_04_a.jpg,.jpg,UD_002_B_0006_03_04,a,21933952
UD_002_B_0006_03_04_b.jpg,C:\Users\Meybells\Downloads\incoming-assets\inventory-photos\s-and-s-sports-memorabilia\4UP\oriented\UD_002_B_0006_03_04_b.jpg,.jpg,UD_002_B_0006_03_04,b,17860004
UD_002_B_0006_04_01_a.jpg,C:\Users\Meybells\Downloads\incoming-assets\inventory-photos\s-and-s-sports-memorabilia\4UP\oriented\UD_002_B_0006_04_01_a.jpg,.jpg,UD_002_B_0006_04_01,a,15725343
UD_002_B_0006_04_01_b.jpg,C:\Users\Meybells\Downloads\incoming-assets\inventory-photos\s-and-s-sports-memorabilia\4UP\oriented\UD_002_B_0006_04_01_b.jpg,.jpg,UD_002_B_0006_04_01,b,17860004
UD_002_B_0006_04_02_a.jpg,C:\Users\Meybells\Downloads\incoming-assets\inventory-photos\s-and-s-sports-memorabilia\4UP\oriented\UD_002_B_0006_04_02_a.jpg,.jpg,UD_002_B_0006_04_02,a,15725343
UD_002_B_0006_04_02_b.jpg,C:\Users\Meybells\Downloads\incoming-assets\inventory-photos\s-and-s-sports-memorabilia\4UP\oriented\UD_002_B_0006_04_02_b.jpg,.jpg,UD_002_B_0006_04_02,b,17860004
UD_002_B_0006_04_03_a.jpg,C:\Users\Meybells\Downloads\incoming-assets\inventory-photos\s-and-s-sports-memorabilia\4UP\oriented\UD_002_B_0006_04_03_a.jpg,.jpg,UD_002_B_0006_04_03,a,15725343
UD_002_B_0006_04_03_b.jpg,C:\Users\Meybells\Downloads\incoming-assets\inventory-photos\s-and-s-sports-memorabilia\4UP\oriented\UD_002_B_0006_04_03_b.jpg,.jpg,UD_002_B_0006_04_03,b,17860004
UD_002_B_0006_04_04_a.jpg,C:\Users\Meybells\Downloads\incoming-assets\inventory-photos\s-and-s-sports-memorabilia\4UP\oriented\UD_002_B_0006_04_04_a.jpg,.jpg,UD_002_B_0006_04_04,a,15725343
UD_002_B_0006_04_04_b.jpg,C:\Users\Meybells\Downloads\incoming-assets\inventory-photos\s-and-s-sports-memorabilia\4UP\oriented\UD_002_B_0006_04_04_b.jpg,.jpg,UD_002_B_0006_04_04,b,17860004
