PairKey,SourceLayout,ABackbone,ARotateCW,BWinnerCW,WinnerScore,RunnerUpCW,RunnerUpScore,Margin,Score0,Score90,Score180,Score270
UD_001_A_073_03,UD_001_A_073,top,180,90,0.560226,270,0.4617,0.098526,0.444148,0.560226,0.459119,0.4617
UD_001_A_073_04,UD_001_A_073,top,180,90,0.560226,270,0.4617,0.098526,0.444148,0.560226,0.459119,0.4617
UD_001_A_074_01,UD_001_A_074,top,180,0,0.565161,180,0.474903,0.090258,0.565161,0.474722,0.474903,0.444076
UD_001_A_074_02,UD_001_A_074,top,180,0,0.565161,180,0.474903,0.090258,0.565161,0.474722,0.474903,0.444076
UD_001_A_074_03,UD_001_A_074,top,180,0,0.565161,180,0.474903,0.090258,0.565161,0.474722,0.474903,0.444076
UD_001_A_074_04,UD_001_A_074,top,180,0,0.565161,180,0.474903,0.090258,0.565161,0.474722,0.474903,0.444076
UD_001_B_045_01,UD_001_B_045,left,270,90,0.649682,270,0.479437,0.170246,0.473875,0.649682,0.466495,0.479437
UD_001_B_045_02,UD_001_B_045,left,270,90,0.649682,270,0.479437,0.170246,0.473875,0.649682,0.466495,0.479437
UD_001_B_045_03,UD_001_B_045,left,270,90,0.649682,270,0.479437,0.170246,0.473875,0.649682,0.466495,0.479437
UD_001_B_045_04,UD_001_B_045,left,270,90,0.649682,270,0.479437,0.170246,0.473875,0.649682,0.466495,0.479437
UD_001_B_046_01,UD_001_B_046,left,270,90,0.651986,0,0.47047,0.181516,0.47047,0.651986,0.469901,0.458994
UD_001_B_046_02,UD_001_B_046,left,270,90,0.651986,0,0.47047,0.181516,0.47047,0.651986,0.469901,0.458994
UD_001_B_046_03,UD_001_B_046,left,270,90,0.651986,0,0.47047,0.181516,0.47047,0.651986,0.469901,0.458994
UD_001_B_046_04,UD_001_B_046,left,270,90,0.651986,0,0.47047,0.181516,0.47047,0.651986,0.469901,0.458994
UD_001_B_047_01,UD_001_B_047,left,270,0,0.643201,180,0.501437,0.141764,0.643201,0.492191,0.501437,0.480845
UD_001_B_047_02,UD_001_B_047,left,270,0,0.643201,180,0.501437,0.141764,0.643201,0.492191,0.501437,0.480845
UD_001_B_047_03,UD_001_B_047,left,270,0,0.643201,180,0.501437,0.141764,0.643201,0.492191,0.501437,0.480845
UD_001_B_047_04,UD_001_B_047,left,270,0,0.643201,180,0.501437,0.141764,0.643201,0.492191,0.501437,0.480845
UD_001_B_048_01,UD_001_B_048,left,270,90,0.649974,270,0.476426,0.173548,0.45835,0.649974,0.473894,0.476426
UD_001_B_048_02,UD_001_B_048,left,270,90,0.649974,270,0.476426,0.173548,0.45835,0.649974,0.473894,0.476426
UD_001_B_048_03,UD_001_B_048,left,270,90,0.649974,270,0.476426,0.173548,0.45835,0.649974,0.473894,0.476426
UD_001_B_048_04,UD_001_B_048,left,270,90,0.649974,270,0.476426,0.173548,0.45835,0.649974,0.473894,0.476426
UD_001_B_049_01,UD_001_B_049,left,270,0,0.641152,180,0.484577,0.156575,0.641152,0.482259,0.484577,0.46846
UD_001_B_049_02,UD_001_B_049,left,270,0,0.641152,180,0.484577,0.156575,0.641152,0.482259,0.484577,0.46846
UD_001_B_049_03,UD_001_B_049,left,270,0,0.641152,180,0.484577,0.156575,0.641152,0.482259,0.484577,0.46846
UD_001_B_049_04,UD_001_B_049,left,270,0,0.641152,180,0.484577,0.156575,0.641152,0.482259,0.484577,0.46846
UD_001_B_050_01,UD_001_B_050,left,270,0,0.639196,180,0.509502,0.129694,0.639196,0.47081,0.509502,0.458594
UD_001_B_050_02,UD_001_B_050,left,270,0,0.639196,180,0.509502,0.129694,0.639196,0.47081,0.509502,0.458594
UD_001_B_050_03,UD_001_B_050,left,270,0,0.639196,180,0.509502,0.129694,0.639196,0.47081,0.509502,0.458594
UD_001_B_050_04,UD_001_B_050,left,270,0,0.639196,180,0.509502,0.129694,0.639196,0.47081,0.509502,0.458594
UD_001_B_051_01,UD_001_B_051,right,90,270,0.669255,90,0.507707,0.161548,0.504485,0.507707,0.49373,0.669255
UD_001_B_051_02,UD_001_B_051,right,90,270,0.669255,90,0.507707,0.161548,0.504485,0.507707,0.49373,0.669255
UD_001_B_051_03,UD_001_B_051,right,90,270,0.669255,90,0.507707,0.161548,0.504485,0.507707,0.49373,0.669255
UD_001_B_051_04,UD_001_B_051,right,90,270,0.669255,90,0.507707,0.161548,0.504485,0.507707,0.49373,0.669255
UD_001_B_052_01,UD_001_B_052,left,270,0,0.65682,180,0.489524,0.167296,0.65682,0.484194,0.489524,0.471286
UD_001_B_052_02,UD_001_B_052,left,270,0,0.65682,180,0.489524,0.167296,0.65682,0.484194,0.489524,0.471286
UD_001_B_052_03,UD_001_B_052,left,270,0,0.65682,180,0.489524,0.167296,0.65682,0.484194,0.489524,0.471286
UD_001_B_052_04,UD_001_B_052,left,270,0,0.65682,180,0.489524,0.167296,0.65682,0.484194,0.489524,0.471286
UD_001_B_075_01,UD_001_B_075,left,270,90,0.652734,0,0.487516,0.165218,0.487516,0.652734,0.484764,0.464198
UD_001_B_075_02,UD_001_B_075,left,270,90,0.652734,0,0.487516,0.165218,0.487516,0.652734,0.484764,0.464198
UD_001_B_075_03,UD_001_B_075,left,270,90,0.652734,0,0.487516,0.165218,0.487516,0.652734,0.484764,0.464198
UD_001_B_075_04,UD_001_B_075,left,270,90,0.652734,0,0.487516,0.165218,0.487516,0.652734,0.484764,0.464198
UD_001_B_077_01,UD_001_B_077,left,270,90,0.668563,0,0.476528,0.192035,0.476528,0.668563,0.469232,0.468711
UD_001_B_077_02,UD_001_B_077,left,270,90,0.668563,0,0.476528,0.192035,0.476528,0.668563,0.469232,0.468711
UD_001_B_077_03,UD_001_B_077,left,270,90,0.668563,0,0.476528,0.192035,0.476528,0.668563,0.469232,0.468711
UD_001_B_077_04,UD_001_B_077,left,270,90,0.668563,0,0.476528,0.192035,0.476528,0.668563,0.469232,0.468711
UD_001_B_078_01,UD_001_B_078,left,270,90,0.636722,180,0.476474,0.160248,0.458312,0.636722,0.476474,0.476068
UD_001_B_078_02,UD_001_B_078,left,270,90,0.636722,180,0.476474,0.160248,0.458312,0.636722,0.476474,0.476068
UD_001_B_078_03,UD_001_B_078,left,270,90,0.636722,180,0.476474,0.160248,0.458312,0.636722,0.476474,0.476068
UD_001_B_078_04,UD_001_B_078,left,270,90,0.636722,180,0.476474,0.160248,0.458312,0.636722,0.476474,0.476068
UD_001_B_079_01,UD_001_B_079,left,270,90,0.629395,0,0.476733,0.152662,0.476733,0.629395,0.471795,0.472747
UD_001_B_079_02,UD_001_B_079,left,270,90,0.629395,0,0.476733,0.152662,0.476733,0.629395,0.471795,0.472747
UD_001_B_079_03,UD_001_B_079,left,270,90,0.629395,0,0.476733,0.152662,0.476733,0.629395,0.471795,0.472747
UD_001_B_079_04,UD_001_B_079,left,270,90,0.629395,0,0.476733,0.152662,0.476733,0.629395,0.471795,0.472747
UD_001_C_054_01,UD_001_C_054,left,270,90,0.634514,270,0.490471,0.144043,0.488312,0.634514,0.479944,0.490471
UD_001_C_054_02,UD_001_C_054,left,270,90,0.634514,270,0.490471,0.144043,0.488312,0.634514,0.479944,0.490471
UD_001_C_054_03,UD_001_C_054,left,270,90,0.634514,270,0.490471,0.144043,0.488312,0.634514,0.479944,0.490471
UD_001_C_054_04,UD_001_C_054,left,270,90,0.634514,270,0.490471,0.144043,0.488312,0.634514,0.479944,0.490471
UD_001_C_056_01,UD_001_C_056,left,270,90,0.639936,180,0.485905,0.154031,0.480011,0.639936,0.485905,0.483384
UD_001_C_056_02,UD_001_C_056,left,270,90,0.639936,180,0.485905,0.154031,0.480011,0.639936,0.485905,0.483384
UD_001_C_056_03,UD_001_C_056,left,270,90,0.639936,180,0.485905,0.154031,0.480011,0.639936,0.485905,0.483384
UD_001_C_056_04,UD_001_C_056,left,270,90,0.639936,180,0.485905,0.154031,0.480011,0.639936,0.485905,0.483384
UD_001_C_057_01,UD_001_C_057,left,270,90,0.591086,180,0.484712,0.106374,0.460249,0.591086,0.484712,0.467258
UD_001_C_057_02,UD_001_C_057,left,270,90,0.591086,180,0.484712,0.106374,0.460249,0.591086,0.484712,0.467258
UD_001_C_057_03,UD_001_C_057,left,270,90,0.591086,180,0.484712,0.106374,0.460249,0.591086,0.484712,0.467258
UD_001_C_057_04,UD_001_C_057,left,270,90,0.591086,180,0.484712,0.106374,0.460249,0.591086,0.484712,0.467258
UD_001_C_058_01,UD_001_C_058,left,270,90,0.607591,180,0.489046,0.118545,0.465842,0.607591,0.489046,0.483623
UD_001_C_058_02,UD_001_C_058,left,270,90,0.607591,180,0.489046,0.118545,0.465842,0.607591,0.489046,0.483623
UD_001_C_058_03,UD_001_C_058,left,270,90,0.607591,180,0.489046,0.118545,0.465842,0.607591,0.489046,0.483623
UD_001_C_058_04,UD_001_C_058,left,270,90,0.607591,180,0.489046,0.118545,0.465842,0.607591,0.489046,0.483623
UD_001_C_059_01,UD_001_C_059,left,270,90,0.625094,270,0.494356,0.130738,0.458201,0.625094,0.491978,0.494356
UD_001_C_059_02,UD_001_C_059,left,270,90,0.625094,270,0.494356,0.130738,0.458201,0.625094,0.491978,0.494356
UD_001_C_059_03,UD_001_C_059,left,270,90,0.625094,270,0.494356,0.130738,0.458201,0.625094,0.491978,0.494356
UD_001_C_059_04,UD_001_C_059,left,270,90,0.625094,270,0.494356,0.130738,0.458201,0.625094,0.491978,0.494356
UD_001_C_060_01,UD_001_C_060,left,270,90,0.613289,180,0.491079,0.122209,0.459032,0.613289,0.491079,0.481081
UD_001_C_060_02,UD_001_C_060,left,270,90,0.613289,180,0.491079,0.122209,0.459032,0.613289,0.491079,0.481081
UD_001_C_060_03,UD_001_C_060,left,270,90,0.613289,180,0.491079,0.122209,0.459032,0.613289,0.491079,0.481081
UD_001_C_060_04,UD_001_C_060,left,270,90,0.613289,180,0.491079,0.122209,0.459032,0.613289,0.491079,0.481081
UD_001_C_061_01,UD_001_C_061,left,270,90,0.613275,180,0.465163,0.148111,0.457709,0.613275,0.465163,0.455723
UD_001_C_061_02,UD_001_C_061,left,270,90,0.613275,180,0.465163,0.148111,0.457709,0.613275,0.465163,0.455723
UD_001_C_061_03,UD_001_C_061,left,270,90,0.613275,180,0.465163,0.148111,0.457709,0.613275,0.465163,0.455723
UD_001_C_061_04,UD_001_C_061,left,270,90,0.613275,180,0.465163,0.148111,0.457709,0.613275,0.465163,0.455723
UD_001_C_081_01,UD_001_C_081,left,270,90,0.646695,0,0.475356,0.171338,0.475356,0.646695,0.471761,0.465205
UD_001_C_081_02,UD_001_C_081,left,270,90,0.646695,0,0.475356,0.171338,0.475356,0.646695,0.471761,0.465205
UD_001_C_081_03,UD_001_C_081,left,270,90,0.646695,0,0.475356,0.171338,0.475356,0.646695,0.471761,0.465205
UD_001_C_081_04,UD_001_C_081,left,270,90,0.646695,0,0.475356,0.171338,0.475356,0.646695,0.471761,0.465205
UD_001_C_082_01,UD_001_C_082,left,270,90,0.664567,180,0.467741,0.196826,0.453555,0.664567,0.467741,0.458696
UD_001_C_082_02,UD_001_C_082,left,270,90,0.664567,180,0.467741,0.196826,0.453555,0.664567,0.467741,0.458696
UD_001_C_082_03,UD_001_C_082,left,270,90,0.664567,180,0.467741,0.196826,0.453555,0.664567,0.467741,0.458696
UD_001_C_082_04,UD_001_C_082,left,270,90,0.664567,180,0.467741,0.196826,0.453555,0.664567,0.467741,0.458696
UD_001_C_083_01,UD_001_C_083,left,270,0,0.615453,180,0.490375,0.125078,0.615453,0.463066,0.490375,0.444432
UD_001_C_083_02,UD_001_C_083,left,270,0,0.615453,180,0.490375,0.125078,0.615453,0.463066,0.490375,0.444432
UD_001_C_083_03,UD_001_C_083,left,270,0,0.615453,180,0.490375,0.125078,0.615453,0.463066,0.490375,0.444432
UD_001_C_083_04,UD_001_C_083,left,270,0,0.615453,180,0.490375,0.125078,0.615453,0.463066,0.490375,0.444432
UD_001_C_084_01,UD_001_C_084,left,270,90,0.660821,180,0.490494,0.170327,0.489421,0.660821,0.490494,0.475794
UD_001_C_084_02,UD_001_C_084,left,270,90,0.660821,180,0.490494,0.170327,0.489421,0.660821,0.490494,0.475794
UD_001_C_084_03,UD_001_C_084,left,270,90,0.660821,180,0.490494,0.170327,0.489421,0.660821,0.490494,0.475794
UD_001_C_084_04,UD_001_C_084,left,270,90,0.660821,180,0.490494,0.170327,0.489421,0.660821,0.490494,0.475794
UD_001_C_085_01,UD_001_C_085,left,270,0,0.629116,90,0.495225,0.133891,0.629116,0.495225,0.481627,0.477369
UD_001_C_085_02,UD_001_C_085,left,270,0,0.629116,90,0.495225,0.133891,0.629116,0.495225,0.481627,0.477369
UD_001_C_085_03,UD_001_C_085,left,270,0,0.629116,90,0.495225,0.133891,0.629116,0.495225,0.481627,0.477369
UD_001_C_085_04,UD_001_C_085,left,270,0,0.629116,90,0.495225,0.133891,0.629116,0.495225,0.481627,0.477369
UD_001_D_062_01,UD_001_D_062,left,270,0,0.539719,180,0.515981,0.023738,0.539719,0.493806,0.515981,0.466246
UD_001_D_062_02,UD_001_D_062,left,270,0,0.539719,180,0.515981,0.023738,0.539719,0.493806,0.515981,0.466246
UD_001_D_062_03,UD_001_D_062,left,270,0,0.539719,180,0.515981,0.023738,0.539719,0.493806,0.515981,0.466246
UD_001_D_062_04,UD_001_D_062,left,270,0,0.539719,180,0.515981,0.023738,0.539719,0.493806,0.515981,0.466246
UD_001_D_063_01,UD_001_D_063,left,270,0,0.520955,180,0.474925,0.04603,0.520955,0.471539,0.474925,0.432836
UD_001_D_063_02,UD_001_D_063,left,270,0,0.520955,180,0.474925,0.04603,0.520955,0.471539,0.474925,0.432836
UD_001_D_063_03,UD_001_D_063,left,270,0,0.520955,180,0.474925,0.04603,0.520955,0.471539,0.474925,0.432836
UD_001_D_063_04,UD_001_D_063,left,270,0,0.520955,180,0.474925,0.04603,0.520955,0.471539,0.474925,0.432836
UD_001_D_064_01,UD_001_D_064,left,270,0,0.533207,180,0.511988,0.021218,0.533207,0.499362,0.511988,0.465953
UD_001_D_064_02,UD_001_D_064,left,270,0,0.533207,180,0.511988,0.021218,0.533207,0.499362,0.511988,0.465953
UD_001_D_064_03,UD_001_D_064,left,270,0,0.533207,180,0.511988,0.021218,0.533207,0.499362,0.511988,0.465953
UD_001_D_064_04,UD_001_D_064,left,270,0,0.533207,180,0.511988,0.021218,0.533207,0.499362,0.511988,0.465953
UD_001_D_087_01,UD_001_D_087,left,270,0,0.625822,90,0.481996,0.143826,0.625822,0.481996,0.459958,0.460654
UD_001_D_087_02,UD_001_D_087,left,270,0,0.625822,90,0.481996,0.143826,0.625822,0.481996,0.459958,0.460654
UD_001_D_087_03,UD_001_D_087,left,270,0,0.625822,90,0.481996,0.143826,0.625822,0.481996,0.459958,0.460654
UD_001_D_087_04,UD_001_D_087,left,270,0,0.625822,90,0.481996,0.143826,0.625822,0.481996,0.459958,0.460654
UD_001_D_088_01,UD_001_D_088,left,270,0,0.623351,180,0.495141,0.12821,0.623351,0.475435,0.495141,0.463164
UD_001_D_088_02,UD_001_D_088,left,270,0,0.623351,180,0.495141,0.12821,0.623351,0.475435,0.495141,0.463164
UD_001_D_088_03,UD_001_D_088,left,270,0,0.623351,180,0.495141,0.12821,0.623351,0.475435,0.495141,0.463164
UD_001_D_088_04,UD_001_D_088,left,270,0,0.623351,180,0.495141,0.12821,0.623351,0.475435,0.495141,0.463164
UD_001_E_065_01,UD_001_E_065,top,180,0,0.525123,180,0.486871,0.038252,0.525123,0.475537,0.486871,0.473844
UD_001_E_065_02,UD_001_E_065,top,180,0,0.525123,180,0.486871,0.038252,0.525123,0.475537,0.486871,0.473844
UD_001_E_065_03,UD_001_E_065,top,180,0,0.525123,180,0.486871,0.038252,0.525123,0.475537,0.486871,0.473844
UD_001_E_065_04,UD_001_E_065,top,180,0,0.525123,180,0.486871,0.038252,0.525123,0.475537,0.486871,0.473844
UD_001_E_090_01,UD_001_E_090,left,270,0,0.645787,180,0.503564,0.142223,0.645787,0.475618,0.503564,0.455632
UD_001_E_090_02,UD_001_E_090,left,270,0,0.645787,180,0.503564,0.142223,0.645787,0.475618,0.503564,0.455632
UD_001_E_090_03,UD_001_E_090,left,270,0,0.645787,180,0.503564,0.142223,0.645787,0.475618,0.503564,0.455632
UD_001_E_090_04,UD_001_E_090,left,270,0,0.645787,180,0.503564,0.142223,0.645787,0.475618,0.503564,0.455632
UD_001_E_091_01,UD_001_E_091,left,270,0,0.647011,180,0.492174,0.154838,0.647011,0.487397,0.492174,0.468774
UD_001_E_091_02,UD_001_E_091,left,270,0,0.647011,180,0.492174,0.154838,0.647011,0.487397,0.492174,0.468774
UD_001_E_091_03,UD_001_E_091,left,270,0,0.647011,180,0.492174,0.154838,0.647011,0.487397,0.492174,0.468774
UD_001_E_091_04,UD_001_E_091,left,270,0,0.647011,180,0.492174,0.154838,0.647011,0.487397,0.492174,0.468774
UD_001_E_092_01,UD_001_E_092,left,270,90,0.611527,180,0.483677,0.12785,0.453538,0.611527,0.483677,0.453558
UD_001_E_092_02,UD_001_E_092,left,270,90,0.611527,180,0.483677,0.12785,0.453538,0.611527,0.483677,0.453558
UD_001_E_092_03,UD_001_E_092,left,270,90,0.611527,180,0.483677,0.12785,0.453538,0.611527,0.483677,0.453558
UD_001_E_092_04,UD_001_E_092,left,270,90,0.611527,180,0.483677,0.12785,0.453538,0.611527,0.483677,0.453558
UD_001_F_093_01,UD_001_F_093,left,270,90,0.645585,180,0.499149,0.146435,0.497123,0.645585,0.499149,0.487849
UD_001_F_093_02,UD_001_F_093,left,270,90,0.645585,180,0.499149,0.146435,0.497123,0.645585,0.499149,0.487849
UD_001_F_093_03,UD_001_F_093,left,270,90,0.645585,180,0.499149,0.146435,0.497123,0.645585,0.499149,0.487849
UD_001_F_093_04,UD_001_F_093,left,270,90,0.645585,180,0.499149,0.146435,0.497123,0.645585,0.499149,0.487849
UD_001_F_094_01,UD_001_F_094,left,270,90,0.632343,270,0.500578,0.131765,0.483352,0.632343,0.482855,0.500578
UD_001_F_094_02,UD_001_F_094,left,270,90,0.632343,270,0.500578,0.131765,0.483352,0.632343,0.482855,0.500578
UD_001_F_094_03,UD_001_F_094,left,270,90,0.632343,270,0.500578,0.131765,0.483352,0.632343,0.482855,0.500578
UD_001_F_094_04,UD_001_F_094,left,270,90,0.632343,270,0.500578,0.131765,0.483352,0.632343,0.482855,0.500578
UD_001_G_097_01,UD_001_G_097,left,270,90,0.664544,270,0.485321,0.179223,0.484795,0.664544,0.477711,0.485321
UD_001_G_097_02,UD_001_G_097,left,270,90,0.664544,270,0.485321,0.179223,0.484795,0.664544,0.477711,0.485321
UD_001_G_097_03,UD_001_G_097,left,270,90,0.664544,270,0.485321,0.179223,0.484795,0.664544,0.477711,0.485321
UD_001_G_097_04,UD_001_G_097,left,270,90,0.664544,270,0.485321,0.179223,0.484795,0.664544,0.477711,0.485321
UD_001_G_098_01,UD_001_G_098,left,270,90,0.651036,270,0.492866,0.15817,0.472385,0.651036,0.467973,0.492866
UD_001_G_098_02,UD_001_G_098,left,270,90,0.651036,270,0.492866,0.15817,0.472385,0.651036,0.467973,0.492866
UD_001_G_098_03,UD_001_G_098,left,270,90,0.651036,270,0.492866,0.15817,0.472385,0.651036,0.467973,0.492866
UD_001_G_098_04,UD_001_G_098,left,270,90,0.651036,270,0.492866,0.15817,0.472385,0.651036,0.467973,0.492866
UD_002_A_0099_01,UD_002_A_0099,bottom,0,270,0.559175,180,0.454636,0.104539,0.447224,0.443101,0.454636,0.559175
UD_002_A_0099_02,UD_002_A_0099,bottom,0,270,0.559175,180,0.454636,0.104539,0.447224,0.443101,0.454636,0.559175
UD_002_A_0099_03,UD_002_A_0099,bottom,0,270,0.559175,180,0.454636,0.104539,0.447224,0.443101,0.454636,0.559175
UD_002_A_0099_04,UD_002_A_0099,bottom,0,270,0.559175,180,0.454636,0.104539,0.447224,0.443101,0.454636,0.559175
UD_002_A_0101_01,UD_002_A_0101,left,270,0,0.554407,270,0.467508,0.086899,0.554407,0.458041,0.467045,0.467508
UD_002_A_0101_02,UD_002_A_0101,left,270,0,0.554407,270,0.467508,0.086899,0.554407,0.458041,0.467045,0.467508
UD_002_A_0101_03,UD_002_A_0101,left,270,0,0.554407,270,0.467508,0.086899,0.554407,0.458041,0.467045,0.467508
UD_002_A_0101_04,UD_002_A_0101,left,270,0,0.554407,270,0.467508,0.086899,0.554407,0.458041,0.467045,0.467508
UD_002_A_0105_01,UD_002_A_0105,top,180,0,0.553341,180,0.465337,0.088004,0.553341,0.442515,0.465337,0.453838
UD_002_A_0105_02,UD_002_A_0105,top,180,0,0.553341,180,0.465337,0.088004,0.553341,0.442515,0.465337,0.453838
UD_002_A_0105_03,UD_002_A_0105,top,180,0,0.553341,180,0.465337,0.088004,0.553341,0.442515,0.465337,0.453838
UD_002_A_0105_04,UD_002_A_0105,top,180,0,0.553341,180,0.465337,0.088004,0.553341,0.442515,0.465337,0.453838
UD_002_A_0107_01,UD_002_A_0107,left,270,0,0.5661,180,0.475857,0.090242,0.5661,0.447136,0.475857,0.475099
UD_002_A_0107_02,UD_002_A_0107,left,270,0,0.5661,180,0.475857,0.090242,0.5661,0.447136,0.475857,0.475099
UD_002_A_0107_03,UD_002_A_0107,left,270,0,0.5661,180,0.475857,0.090242,0.5661,0.447136,0.475857,0.475099
UD_002_A_0107_04,UD_002_A_0107,left,270,0,0.5661,180,0.475857,0.090242,0.5661,0.447136,0.475857,0.475099
UD_002_A_0108_01,UD_002_A_0108,left,270,0,0.544874,270,0.481043,0.063832,0.544874,0.455346,0.471396,0.481043
UD_002_A_0108_02,UD_002_A_0108,left,270,0,0.544874,270,0.481043,0.063832,0.544874,0.455346,0.471396,0.481043
UD_002_A_0108_03,UD_002_A_0108,left,270,0,0.544874,270,0.481043,0.063832,0.544874,0.455346,0.471396,0.481043
UD_002_A_0108_04,UD_002_A_0108,left,270,0,0.544874,270,0.481043,0.063832,0.544874,0.455346,0.471396,0.481043
UD_002_A_0109_01,UD_002_A_0109,bottom,0,180,0.554519,0,0.487166,0.067354,0.487166,0.464716,0.554519,0.46676
UD_002_A_0109_02,UD_002_A_0109,bottom,0,180,0.554519,0,0.487166,0.067354,0.487166,0.464716,0.554519,0.46676
UD_002_A_0109_03,UD_002_A_0109,bottom,0,180,0.554519,0,0.487166,0.067354,0.487166,0.464716,0.554519,0.46676
UD_002_A_0109_04,UD_002_A_0109,bottom,0,180,0.554519,0,0.487166,0.067354,0.487166,0.464716,0.554519,0.46676
UD_002_A_0110_01,UD_002_A_0110,left,270,0,0.562554,180,0.471635,0.090919,0.562554,0.446184,0.471635,0.461166
UD_002_A_0110_02,UD_002_A_0110,left,270,0,0.562554,180,0.471635,0.090919,0.562554,0.446184,0.471635,0.461166
UD_002_A_0110_03,UD_002_A_0110,left,270,0,0.562554,180,0.471635,0.090919,0.562554,0.446184,0.471635,0.461166
UD_002_A_0110_04,UD_002_A_0110,left,270,0,0.562554,180,0.471635,0.090919,0.562554,0.446184,0.471635,0.461166
UD_002_A_0113_01,UD_002_A_0113,left,270,0,0.560777,180,0.456067,0.10471,0.560777,0.443512,0.456067,0.452001
UD_002_A_0113_02,UD_002_A_0113,left,270,0,0.560777,180,0.456067,0.10471,0.560777,0.443512,0.456067,0.452001
UD_002_A_0113_03,UD_002_A_0113,left,270,0,0.560777,180,0.456067,0.10471,0.560777,0.443512,0.456067,0.452001
UD_002_A_0113_04,UD_002_A_0113,left,270,0,0.560777,180,0.456067,0.10471,0.560777,0.443512,0.456067,0.452001
UD_002_B_0001_01,UD_002_B_0001,bottom,0,270,0.645632,0,0.470178,0.175454,0.470178,0.434147,0.448485,0.645632
UD_002_B_0001_02,UD_002_B_0001,bottom,0,270,0.645632,0,0.470178,0.175454,0.470178,0.434147,0.448485,0.645632
UD_002_B_0001_03,UD_002_B_0001,bottom,0,270,0.645632,0,0.470178,0.175454,0.470178,0.434147,0.448485,0.645632
UD_002_B_0001_04,UD_002_B_0001,bottom,0,270,0.645632,0,0.470178,0.175454,0.470178,0.434147,0.448485,0.645632
UD_002_B_0002_01,UD_002_B_0002,bottom,0,270,0.65128,0,0.475327,0.175953,0.475327,0.421813,0.463049,0.65128
UD_002_B_0002_02,UD_002_B_0002,bottom,0,270,0.65128,0,0.475327,0.175953,0.475327,0.421813,0.463049,0.65128
UD_002_B_0002_03,UD_002_B_0002,bottom,0,270,0.65128,0,0.475327,0.175953,0.475327,0.421813,0.463049,0.65128
UD_002_B_0002_04,UD_002_B_0002,bottom,0,270,0.65128,0,0.475327,0.175953,0.475327,0.421813,0.463049,0.65128
UD_002_B_0003_01,UD_002_B_0003,bottom,0,270,0.652431,90,0.494577,0.157855,0.48302,0.494577,0.491895,0.652431
UD_002_B_0003_02,UD_002_B_0003,bottom,0,270,0.652431,90,0.494577,0.157855,0.48302,0.494577,0.491895,0.652431
UD_002_B_0003_03,UD_002_B_0003,bottom,0,270,0.652431,90,0.494577,0.157855,0.48302,0.494577,0.491895,0.652431
UD_002_B_0003_04,UD_002_B_0003,bottom,0,270,0.652431,90,0.494577,0.157855,0.48302,0.494577,0.491895,0.652431
UD_002_B_0006_01_01,UD_002_B_0006_01,bottom,0,270,0.642012,180,0.471603,0.170409,0.466588,0.440406,0.471603,0.642012
UD_002_B_0006_01_02,UD_002_B_0006_01,bottom,0,270,0.642012,180,0.471603,0.170409,0.466588,0.440406,0.471603,0.642012
UD_002_B_0006_01_03,UD_002_B_0006_01,bottom,0,270,0.642012,180,0.471603,0.170409,0.466588,0.440406,0.471603,0.642012
UD_002_B_0006_01_04,UD_002_B_0006_01,bottom,0,270,0.642012,180,0.471603,0.170409,0.466588,0.440406,0.471603,0.642012
UD_002_B_0006_02_01,UD_002_B_0006_02,bottom,0,270,0.641996,180,0.471573,0.170423,0.466585,0.440385,0.471573,0.641996
UD_002_B_0006_02_02,UD_002_B_0006_02,bottom,0,270,0.641996,180,0.471573,0.170423,0.466585,0.440385,0.471573,0.641996
UD_002_B_0006_02_03,UD_002_B_0006_02,bottom,0,270,0.641996,180,0.471573,0.170423,0.466585,0.440385,0.471573,0.641996
UD_002_B_0006_02_04,UD_002_B_0006_02,bottom,0,270,0.641996,180,0.471573,0.170423,0.466585,0.440385,0.471573,0.641996
UD_002_B_0006_03_01,UD_002_B_0006_03,bottom,0,270,0.642012,180,0.471603,0.170409,0.466588,0.440406,0.471603,0.642012
UD_002_B_0006_03_02,UD_002_B_0006_03,bottom,0,270,0.642012,180,0.471603,0.170409,0.466588,0.440406,0.471603,0.642012
UD_002_B_0006_03_03,UD_002_B_0006_03,bottom,0,270,0.642012,180,0.471603,0.170409,0.466588,0.440406,0.471603,0.642012
UD_002_B_0006_03_04,UD_002_B_0006_03,bottom,0,270,0.642012,180,0.471603,0.170409,0.466588,0.440406,0.471603,0.642012
UD_002_B_0006_04_01,UD_002_B_0006_04,bottom,0,270,0.641996,180,0.471573,0.170423,0.466585,0.440385,0.471573,0.641996
UD_002_B_0006_04_02,UD_002_B_0006_04,bottom,0,270,0.641996,180,0.471573,0.170423,0.466585,0.440385,0.471573,0.641996
UD_002_B_0006_04_03,UD_002_B_0006_04,bottom,0,270,0.641996,180,0.471573,0.170423,0.466585,0.440385,0.471573,0.641996
UD_002_B_0006_04_04,UD_002_B_0006_04,bottom,0,270,0.641996,180,0.471573,0.170423,0.466585,0.440385,0.471573,0.641996
