PairKey,SourceLayout,AFile,BFile,ABackbone,ARotateCW,AOrientationSource,BRotateCW,BOrientationSource,BMatchMinMargin,LayoutCopies,Status
UD_001_A_073_03,UD_001_A_073,UD_001_A_073_03_a.jpg,UD_001_A_073_03_b.jpg,top,180,human-confirmed-turtle,90,wario-verified,0.098526,2,READY
UD_001_A_073_04,UD_001_A_073,UD_001_A_073_04_a.jpg,UD_001_A_073_04_b.jpg,top,180,human-confirmed-turtle,90,wario-verified,0.098526,2,READY
UD_001_A_074_01,UD_001_A_074,UD_001_A_074_01_a.jpg,UD_001_A_074_01_b.jpg,top,180,human-confirmed-turtle,0,wario-verified,0.090258,4,READY
UD_001_A_074_02,UD_001_A_074,UD_001_A_074_02_a.jpg,UD_001_A_074_02_b.jpg,top,180,human-confirmed-turtle,0,wario-verified,0.090258,4,READY
UD_001_A_074_03,UD_001_A_074,UD_001_A_074_03_a.jpg,UD_001_A_074_03_b.jpg,top,180,human-confirmed-turtle,0,wario-verified,0.090258,4,READY
UD_001_A_074_04,UD_001_A_074,UD_001_A_074_04_a.jpg,UD_001_A_074_04_b.jpg,top,180,human-confirmed-turtle,0,wario-verified,0.090258,4,READY
UD_001_B_045_01,UD_001_B_045,UD_001_B_045_01_a.jpg,UD_001_B_045_01_b.jpg,left,270,human-corrected,90,wario-verified,0.170246,4,READY
UD_001_B_045_02,UD_001_B_045,UD_001_B_045_02_a.jpg,UD_001_B_045_02_b.jpg,left,270,human-corrected,90,wario-verified,0.170246,4,READY
UD_001_B_045_03,UD_001_B_045,UD_001_B_045_03_a.jpg,UD_001_B_045_03_b.jpg,left,270,human-corrected,90,wario-verified,0.170246,4,READY
UD_001_B_045_04,UD_001_B_045,UD_001_B_045_04_a.jpg,UD_001_B_045_04_b.jpg,left,270,human-corrected,90,wario-verified,0.170246,4,READY
UD_001_B_046_01,UD_001_B_046,UD_001_B_046_01_a.jpg,UD_001_B_046_01_b.jpg,left,270,human-corrected,90,wario-verified,0.181516,4,READY
UD_001_B_046_02,UD_001_B_046,UD_001_B_046_02_a.jpg,UD_001_B_046_02_b.jpg,left,270,human-corrected,90,wario-verified,0.181516,4,READY
UD_001_B_046_03,UD_001_B_046,UD_001_B_046_03_a.jpg,UD_001_B_046_03_b.jpg,left,270,human-corrected,90,wario-verified,0.181516,4,READY
UD_001_B_046_04,UD_001_B_046,UD_001_B_046_04_a.jpg,UD_001_B_046_04_b.jpg,left,270,human-corrected,90,wario-verified,0.181516,4,READY
UD_001_B_047_01,UD_001_B_047,UD_001_B_047_01_a.jpg,UD_001_B_047_01_b.jpg,left,270,human-corrected,0,wario-verified,0.141764,4,READY
UD_001_B_047_02,UD_001_B_047,UD_001_B_047_02_a.jpg,UD_001_B_047_02_b.jpg,left,270,human-corrected,0,wario-verified,0.141764,4,READY
UD_001_B_047_03,UD_001_B_047,UD_001_B_047_03_a.jpg,UD_001_B_047_03_b.jpg,left,270,human-corrected,0,wario-verified,0.141764,4,READY
UD_001_B_047_04,UD_001_B_047,UD_001_B_047_04_a.jpg,UD_001_B_047_04_b.jpg,left,270,human-corrected,0,wario-verified,0.141764,4,READY
UD_001_B_048_01,UD_001_B_048,UD_001_B_048_01_a.jpg,UD_001_B_048_01_b.jpg,left,270,human-corrected,90,wario-verified,0.173548,4,READY
UD_001_B_048_02,UD_001_B_048,UD_001_B_048_02_a.jpg,UD_001_B_048_02_b.jpg,left,270,human-corrected,90,wario-verified,0.173548,4,READY
UD_001_B_048_03,UD_001_B_048,UD_001_B_048_03_a.jpg,UD_001_B_048_03_b.jpg,left,270,human-corrected,90,wario-verified,0.173548,4,READY
UD_001_B_048_04,UD_001_B_048,UD_001_B_048_04_a.jpg,UD_001_B_048_04_b.jpg,left,270,human-corrected,90,wario-verified,0.173548,4,READY
UD_001_B_049_01,UD_001_B_049,UD_001_B_049_01_a.jpg,UD_001_B_049_01_b.jpg,left,270,human-corrected,0,wario-verified,0.156575,4,READY
UD_001_B_049_02,UD_001_B_049,UD_001_B_049_02_a.jpg,UD_001_B_049_02_b.jpg,left,270,human-corrected,0,wario-verified,0.156575,4,READY
UD_001_B_049_03,UD_001_B_049,UD_001_B_049_03_a.jpg,UD_001_B_049_03_b.jpg,left,270,human-corrected,0,wario-verified,0.156575,4,READY
UD_001_B_049_04,UD_001_B_049,UD_001_B_049_04_a.jpg,UD_001_B_049_04_b.jpg,left,270,human-corrected,0,wario-verified,0.156575,4,READY
UD_001_B_050_01,UD_001_B_050,UD_001_B_050_01_a.jpg,UD_001_B_050_01_b.jpg,left,270,human-corrected,0,wario-verified,0.129694,4,READY
UD_001_B_050_02,UD_001_B_050,UD_001_B_050_02_a.jpg,UD_001_B_050_02_b.jpg,left,270,human-corrected,0,wario-verified,0.129694,4,READY
UD_001_B_050_03,UD_001_B_050,UD_001_B_050_03_a.jpg,UD_001_B_050_03_b.jpg,left,270,human-corrected,0,wario-verified,0.129694,4,READY
UD_001_B_050_04,UD_001_B_050,UD_001_B_050_04_a.jpg,UD_001_B_050_04_b.jpg,left,270,human-corrected,0,wario-verified,0.129694,4,READY
UD_001_B_051_01,UD_001_B_051,UD_001_B_051_01_a.jpg,UD_001_B_051_01_b.jpg,right,90,human-corrected,270,wario-verified,0.161548,4,READY
UD_001_B_051_02,UD_001_B_051,UD_001_B_051_02_a.jpg,UD_001_B_051_02_b.jpg,right,90,human-corrected,270,wario-verified,0.161548,4,READY
UD_001_B_051_03,UD_001_B_051,UD_001_B_051_03_a.jpg,UD_001_B_051_03_b.jpg,right,90,human-corrected,270,wario-verified,0.161548,4,READY
UD_001_B_051_04,UD_001_B_051,UD_001_B_051_04_a.jpg,UD_001_B_051_04_b.jpg,right,90,human-corrected,270,wario-verified,0.161548,4,READY
UD_001_B_052_01,UD_001_B_052,UD_001_B_052_01_a.jpg,UD_001_B_052_01_b.jpg,left,270,human-corrected,0,wario-verified,0.167296,4,READY
UD_001_B_052_02,UD_001_B_052,UD_001_B_052_02_a.jpg,UD_001_B_052_02_b.jpg,left,270,human-corrected,0,wario-verified,0.167296,4,READY
UD_001_B_052_03,UD_001_B_052,UD_001_B_052_03_a.jpg,UD_001_B_052_03_b.jpg,left,270,human-corrected,0,wario-verified,0.167296,4,READY
UD_001_B_052_04,UD_001_B_052,UD_001_B_052_04_a.jpg,UD_001_B_052_04_b.jpg,left,270,human-corrected,0,wario-verified,0.167296,4,READY
UD_001_B_075_01,UD_001_B_075,UD_001_B_075_01_a.jpg,UD_001_B_075_01_b.jpg,left,270,human-corrected,90,wario-verified,0.165218,4,READY
UD_001_B_075_02,UD_001_B_075,UD_001_B_075_02_a.jpg,UD_001_B_075_02_b.jpg,left,270,human-corrected,90,wario-verified,0.165218,4,READY
UD_001_B_075_03,UD_001_B_075,UD_001_B_075_03_a.jpg,UD_001_B_075_03_b.jpg,left,270,human-corrected,90,wario-verified,0.165218,4,READY
UD_001_B_075_04,UD_001_B_075,UD_001_B_075_04_a.jpg,UD_001_B_075_04_b.jpg,left,270,human-corrected,90,wario-verified,0.165218,4,READY
UD_001_B_077_01,UD_001_B_077,UD_001_B_077_01_a.jpg,UD_001_B_077_01_b.jpg,left,270,human-corrected,90,wario-verified,0.192035,4,READY
UD_001_B_077_02,UD_001_B_077,UD_001_B_077_02_a.jpg,UD_001_B_077_02_b.jpg,left,270,human-corrected,90,wario-verified,0.192035,4,READY
UD_001_B_077_03,UD_001_B_077,UD_001_B_077_03_a.jpg,UD_001_B_077_03_b.jpg,left,270,human-corrected,90,wario-verified,0.192035,4,READY
UD_001_B_077_04,UD_001_B_077,UD_001_B_077_04_a.jpg,UD_001_B_077_04_b.jpg,left,270,human-corrected,90,wario-verified,0.192035,4,READY
UD_001_B_078_01,UD_001_B_078,UD_001_B_078_01_a.jpg,UD_001_B_078_01_b.jpg,left,270,human-corrected,90,wario-verified,0.160248,4,READY
UD_001_B_078_02,UD_001_B_078,UD_001_B_078_02_a.jpg,UD_001_B_078_02_b.jpg,left,270,human-corrected,90,wario-verified,0.160248,4,READY
UD_001_B_078_03,UD_001_B_078,UD_001_B_078_03_a.jpg,UD_001_B_078_03_b.jpg,left,270,human-corrected,90,wario-verified,0.160248,4,READY
UD_001_B_078_04,UD_001_B_078,UD_001_B_078_04_a.jpg,UD_001_B_078_04_b.jpg,left,270,human-corrected,90,wario-verified,0.160248,4,READY
UD_001_B_079_01,UD_001_B_079,UD_001_B_079_01_a.jpg,UD_001_B_079_01_b.jpg,left,270,human-confirmed-turtle,90,wario-verified,0.152662,4,READY
UD_001_B_079_02,UD_001_B_079,UD_001_B_079_02_a.jpg,UD_001_B_079_02_b.jpg,left,270,human-confirmed-turtle,90,wario-verified,0.152662,4,READY
UD_001_B_079_03,UD_001_B_079,UD_001_B_079_03_a.jpg,UD_001_B_079_03_b.jpg,left,270,human-confirmed-turtle,90,wario-verified,0.152662,4,READY
UD_001_B_079_04,UD_001_B_079,UD_001_B_079_04_a.jpg,UD_001_B_079_04_b.jpg,left,270,human-confirmed-turtle,90,wario-verified,0.152662,4,READY
UD_001_C_054_01,UD_001_C_054,UD_001_C_054_01_a.jpg,UD_001_C_054_01_b.jpg,left,270,human-confirmed-turtle,90,wario-verified,0.144043,4,READY
UD_001_C_054_02,UD_001_C_054,UD_001_C_054_02_a.jpg,UD_001_C_054_02_b.jpg,left,270,human-confirmed-turtle,90,wario-verified,0.144043,4,READY
UD_001_C_054_03,UD_001_C_054,UD_001_C_054_03_a.jpg,UD_001_C_054_03_b.jpg,left,270,human-confirmed-turtle,90,wario-verified,0.144043,4,READY
UD_001_C_054_04,UD_001_C_054,UD_001_C_054_04_a.jpg,UD_001_C_054_04_b.jpg,left,270,human-confirmed-turtle,90,wario-verified,0.144043,4,READY
UD_001_C_056_01,UD_001_C_056,UD_001_C_056_01_a.jpg,UD_001_C_056_01_b.jpg,left,270,human-corrected,270,human-corrected,0.154031,4,READY
UD_001_C_056_02,UD_001_C_056,UD_001_C_056_02_a.jpg,UD_001_C_056_02_b.jpg,left,270,human-corrected,270,human-corrected,0.154031,4,READY
UD_001_C_056_03,UD_001_C_056,UD_001_C_056_03_a.jpg,UD_001_C_056_03_b.jpg,left,270,human-corrected,270,human-corrected,0.154031,4,READY
UD_001_C_056_04,UD_001_C_056,UD_001_C_056_04_a.jpg,UD_001_C_056_04_b.jpg,left,270,human-corrected,270,human-corrected,0.154031,4,READY
UD_001_C_057_01,UD_001_C_057,UD_001_C_057_01_a.jpg,UD_001_C_057_01_b.jpg,left,270,human-confirmed-turtle,90,wario-verified,0.106374,4,READY
UD_001_C_057_02,UD_001_C_057,UD_001_C_057_02_a.jpg,UD_001_C_057_02_b.jpg,left,270,human-confirmed-turtle,90,wario-verified,0.106374,4,READY
UD_001_C_057_03,UD_001_C_057,UD_001_C_057_03_a.jpg,UD_001_C_057_03_b.jpg,left,270,human-confirmed-turtle,90,wario-verified,0.106374,4,READY
UD_001_C_057_04,UD_001_C_057,UD_001_C_057_04_a.jpg,UD_001_C_057_04_b.jpg,left,270,human-confirmed-turtle,90,wario-verified,0.106374,4,READY
UD_001_C_058_01,UD_001_C_058,UD_001_C_058_01_a.jpg,UD_001_C_058_01_b.jpg,left,270,human-confirmed-turtle,90,wario-verified,0.118545,4,READY
UD_001_C_058_02,UD_001_C_058,UD_001_C_058_02_a.jpg,UD_001_C_058_02_b.jpg,left,270,human-confirmed-turtle,90,wario-verified,0.118545,4,READY
UD_001_C_058_03,UD_001_C_058,UD_001_C_058_03_a.jpg,UD_001_C_058_03_b.jpg,left,270,human-confirmed-turtle,90,wario-verified,0.118545,4,READY
UD_001_C_058_04,UD_001_C_058,UD_001_C_058_04_a.jpg,UD_001_C_058_04_b.jpg,left,270,human-confirmed-turtle,90,wario-verified,0.118545,4,READY
UD_001_C_059_01,UD_001_C_059,UD_001_C_059_01_a.jpg,UD_001_C_059_01_b.jpg,left,270,human-confirmed-turtle,90,wario-verified,0.130738,4,READY
UD_001_C_059_02,UD_001_C_059,UD_001_C_059_02_a.jpg,UD_001_C_059_02_b.jpg,left,270,human-confirmed-turtle,90,wario-verified,0.130738,4,READY
UD_001_C_059_03,UD_001_C_059,UD_001_C_059_03_a.jpg,UD_001_C_059_03_b.jpg,left,270,human-confirmed-turtle,90,wario-verified,0.130738,4,READY
UD_001_C_059_04,UD_001_C_059,UD_001_C_059_04_a.jpg,UD_001_C_059_04_b.jpg,left,270,human-confirmed-turtle,90,wario-verified,0.130738,4,READY
UD_001_C_060_01,UD_001_C_060,UD_001_C_060_01_a.jpg,UD_001_C_060_01_b.jpg,left,270,human-confirmed-turtle,90,wario-verified,0.122209,4,READY
UD_001_C_060_02,UD_001_C_060,UD_001_C_060_02_a.jpg,UD_001_C_060_02_b.jpg,left,270,human-confirmed-turtle,90,wario-verified,0.122209,4,READY
UD_001_C_060_03,UD_001_C_060,UD_001_C_060_03_a.jpg,UD_001_C_060_03_b.jpg,left,270,human-confirmed-turtle,90,wario-verified,0.122209,4,READY
UD_001_C_060_04,UD_001_C_060,UD_001_C_060_04_a.jpg,UD_001_C_060_04_b.jpg,left,270,human-confirmed-turtle,90,wario-verified,0.122209,4,READY
UD_001_C_061_01,UD_001_C_061,UD_001_C_061_01_a.jpg,UD_001_C_061_01_b.jpg,left,270,human-confirmed-turtle,90,wario-verified,0.148111,4,READY
UD_001_C_061_02,UD_001_C_061,UD_001_C_061_02_a.jpg,UD_001_C_061_02_b.jpg,left,270,human-confirmed-turtle,90,wario-verified,0.148111,4,READY
UD_001_C_061_03,UD_001_C_061,UD_001_C_061_03_a.jpg,UD_001_C_061_03_b.jpg,left,270,human-confirmed-turtle,90,wario-verified,0.148111,4,READY
UD_001_C_061_04,UD_001_C_061,UD_001_C_061_04_a.jpg,UD_001_C_061_04_b.jpg,left,270,human-confirmed-turtle,90,wario-verified,0.148111,4,READY
UD_001_C_081_01,UD_001_C_081,UD_001_C_081_01_a.jpg,UD_001_C_081_01_b.jpg,left,270,human-corrected,90,wario-verified,0.171338,4,READY
UD_001_C_081_02,UD_001_C_081,UD_001_C_081_02_a.jpg,UD_001_C_081_02_b.jpg,left,270,human-corrected,90,wario-verified,0.171338,4,READY
UD_001_C_081_03,UD_001_C_081,UD_001_C_081_03_a.jpg,UD_001_C_081_03_b.jpg,left,270,human-corrected,90,wario-verified,0.171338,4,READY
UD_001_C_081_04,UD_001_C_081,UD_001_C_081_04_a.jpg,UD_001_C_081_04_b.jpg,left,270,human-corrected,90,wario-verified,0.171338,4,READY
UD_001_C_082_01,UD_001_C_082,UD_001_C_082_01_a.jpg,UD_001_C_082_01_b.jpg,left,270,human-corrected,90,wario-verified,0.196826,4,READY
UD_001_C_082_02,UD_001_C_082,UD_001_C_082_02_a.jpg,UD_001_C_082_02_b.jpg,left,270,human-corrected,90,wario-verified,0.196826,4,READY
UD_001_C_082_03,UD_001_C_082,UD_001_C_082_03_a.jpg,UD_001_C_082_03_b.jpg,left,270,human-corrected,90,wario-verified,0.196826,4,READY
UD_001_C_082_04,UD_001_C_082,UD_001_C_082_04_a.jpg,UD_001_C_082_04_b.jpg,left,270,human-corrected,90,wario-verified,0.196826,4,READY
UD_001_C_083_01,UD_001_C_083,UD_001_C_083_01_a.jpg,UD_001_C_083_01_b.jpg,left,270,human-confirmed-turtle,0,wario-verified,0.125078,4,READY
UD_001_C_083_02,UD_001_C_083,UD_001_C_083_02_a.jpg,UD_001_C_083_02_b.jpg,left,270,human-confirmed-turtle,0,wario-verified,0.125078,4,READY
UD_001_C_083_03,UD_001_C_083,UD_001_C_083_03_a.jpg,UD_001_C_083_03_b.jpg,left,270,human-confirmed-turtle,0,wario-verified,0.125078,4,READY
UD_001_C_083_04,UD_001_C_083,UD_001_C_083_04_a.jpg,UD_001_C_083_04_b.jpg,left,270,human-confirmed-turtle,0,wario-verified,0.125078,4,READY
UD_001_C_084_01,UD_001_C_084,UD_001_C_084_01_a.jpg,UD_001_C_084_01_b.jpg,left,270,human-corrected,90,wario-verified,0.170327,4,READY
UD_001_C_084_02,UD_001_C_084,UD_001_C_084_02_a.jpg,UD_001_C_084_02_b.jpg,left,270,human-corrected,90,wario-verified,0.170327,4,READY
UD_001_C_084_03,UD_001_C_084,UD_001_C_084_03_a.jpg,UD_001_C_084_03_b.jpg,left,270,human-corrected,90,wario-verified,0.170327,4,READY
UD_001_C_084_04,UD_001_C_084,UD_001_C_084_04_a.jpg,UD_001_C_084_04_b.jpg,left,270,human-corrected,90,wario-verified,0.170327,4,READY
UD_001_C_085_01,UD_001_C_085,UD_001_C_085_01_a.jpg,UD_001_C_085_01_b.jpg,left,270,human-confirmed-turtle,0,wario-verified,0.133891,4,READY
UD_001_C_085_02,UD_001_C_085,UD_001_C_085_02_a.jpg,UD_001_C_085_02_b.jpg,left,270,human-confirmed-turtle,0,wario-verified,0.133891,4,READY
UD_001_C_085_03,UD_001_C_085,UD_001_C_085_03_a.jpg,UD_001_C_085_03_b.jpg,left,270,human-confirmed-turtle,0,wario-verified,0.133891,4,READY
UD_001_C_085_04,UD_001_C_085,UD_001_C_085_04_a.jpg,UD_001_C_085_04_b.jpg,left,270,human-confirmed-turtle,0,wario-verified,0.133891,4,READY
UD_001_D_062_01,UD_001_D_062,UD_001_D_062_01_a.jpg,UD_001_D_062_01_b.jpg,left,270,human-corrected,0,wario-verified,0.023738,4,READY
UD_001_D_062_02,UD_001_D_062,UD_001_D_062_02_a.jpg,UD_001_D_062_02_b.jpg,left,270,human-corrected,0,wario-verified,0.023738,4,READY
UD_001_D_062_03,UD_001_D_062,UD_001_D_062_03_a.jpg,UD_001_D_062_03_b.jpg,left,270,human-corrected,0,wario-verified,0.023738,4,READY
UD_001_D_062_04,UD_001_D_062,UD_001_D_062_04_a.jpg,UD_001_D_062_04_b.jpg,left,270,human-corrected,0,wario-verified,0.023738,4,READY
UD_001_D_063_01,UD_001_D_063,UD_001_D_063_01_a.jpg,UD_001_D_063_01_b.jpg,left,270,human-corrected,0,wario-verified,0.04603,4,READY
UD_001_D_063_02,UD_001_D_063,UD_001_D_063_02_a.jpg,UD_001_D_063_02_b.jpg,left,270,human-corrected,0,wario-verified,0.04603,4,READY
UD_001_D_063_03,UD_001_D_063,UD_001_D_063_03_a.jpg,UD_001_D_063_03_b.jpg,left,270,human-corrected,0,wario-verified,0.04603,4,READY
UD_001_D_063_04,UD_001_D_063,UD_001_D_063_04_a.jpg,UD_001_D_063_04_b.jpg,left,270,human-corrected,0,wario-verified,0.04603,4,READY
UD_001_D_064_01,UD_001_D_064,UD_001_D_064_01_a.jpg,UD_001_D_064_01_b.jpg,left,270,human-confirmed-turtle,0,wario-verified,0.021218,4,READY
UD_001_D_064_02,UD_001_D_064,UD_001_D_064_02_a.jpg,UD_001_D_064_02_b.jpg,left,270,human-confirmed-turtle,0,wario-verified,0.021218,4,READY
UD_001_D_064_03,UD_001_D_064,UD_001_D_064_03_a.jpg,UD_001_D_064_03_b.jpg,left,270,human-confirmed-turtle,0,wario-verified,0.021218,4,READY
UD_001_D_064_04,UD_001_D_064,UD_001_D_064_04_a.jpg,UD_001_D_064_04_b.jpg,left,270,human-confirmed-turtle,0,wario-verified,0.021218,4,READY
UD_001_D_087_01,UD_001_D_087,UD_001_D_087_01_a.jpg,UD_001_D_087_01_b.jpg,left,270,human-corrected,0,wario-verified,0.143826,4,READY
UD_001_D_087_02,UD_001_D_087,UD_001_D_087_02_a.jpg,UD_001_D_087_02_b.jpg,left,270,human-corrected,0,wario-verified,0.143826,4,READY
UD_001_D_087_03,UD_001_D_087,UD_001_D_087_03_a.jpg,UD_001_D_087_03_b.jpg,left,270,human-corrected,0,wario-verified,0.143826,4,READY
UD_001_D_087_04,UD_001_D_087,UD_001_D_087_04_a.jpg,UD_001_D_087_04_b.jpg,left,270,human-corrected,0,wario-verified,0.143826,4,READY
UD_001_D_088_01,UD_001_D_088,UD_001_D_088_01_a.jpg,UD_001_D_088_01_b.jpg,left,270,human-confirmed-turtle,0,wario-verified,0.12821,4,READY
UD_001_D_088_02,UD_001_D_088,UD_001_D_088_02_a.jpg,UD_001_D_088_02_b.jpg,left,270,human-confirmed-turtle,0,wario-verified,0.12821,4,READY
UD_001_D_088_03,UD_001_D_088,UD_001_D_088_03_a.jpg,UD_001_D_088_03_b.jpg,left,270,human-confirmed-turtle,0,wario-verified,0.12821,4,READY
UD_001_D_088_04,UD_001_D_088,UD_001_D_088_04_a.jpg,UD_001_D_088_04_b.jpg,left,270,human-confirmed-turtle,0,wario-verified,0.12821,4,READY
UD_001_E_065_01,UD_001_E_065,UD_001_E_065_01_a.jpg,UD_001_E_065_01_b.jpg,top,180,human-confirmed-turtle,0,wario-verified,0.038252,4,READY
UD_001_E_065_02,UD_001_E_065,UD_001_E_065_02_a.jpg,UD_001_E_065_02_b.jpg,top,180,human-confirmed-turtle,0,wario-verified,0.038252,4,READY
UD_001_E_065_03,UD_001_E_065,UD_001_E_065_03_a.jpg,UD_001_E_065_03_b.jpg,top,180,human-confirmed-turtle,0,wario-verified,0.038252,4,READY
UD_001_E_065_04,UD_001_E_065,UD_001_E_065_04_a.jpg,UD_001_E_065_04_b.jpg,top,180,human-confirmed-turtle,0,wario-verified,0.038252,4,READY
UD_001_E_090_01,UD_001_E_090,UD_001_E_090_01_a.jpg,UD_001_E_090_01_b.jpg,left,270,human-confirmed-turtle,0,wario-verified,0.142223,4,READY
UD_001_E_090_02,UD_001_E_090,UD_001_E_090_02_a.jpg,UD_001_E_090_02_b.jpg,left,270,human-confirmed-turtle,0,wario-verified,0.142223,4,READY
UD_001_E_090_03,UD_001_E_090,UD_001_E_090_03_a.jpg,UD_001_E_090_03_b.jpg,left,270,human-confirmed-turtle,0,wario-verified,0.142223,4,READY
UD_001_E_090_04,UD_001_E_090,UD_001_E_090_04_a.jpg,UD_001_E_090_04_b.jpg,left,270,human-confirmed-turtle,0,wario-verified,0.142223,4,READY
UD_001_E_091_01,UD_001_E_091,UD_001_E_091_01_a.jpg,UD_001_E_091_01_b.jpg,left,270,human-corrected,0,wario-verified,0.154838,4,READY
UD_001_E_091_02,UD_001_E_091,UD_001_E_091_02_a.jpg,UD_001_E_091_02_b.jpg,left,270,human-corrected,0,wario-verified,0.154838,4,READY
UD_001_E_091_03,UD_001_E_091,UD_001_E_091_03_a.jpg,UD_001_E_091_03_b.jpg,left,270,human-corrected,0,wario-verified,0.154838,4,READY
UD_001_E_091_04,UD_001_E_091,UD_001_E_091_04_a.jpg,UD_001_E_091_04_b.jpg,left,270,human-corrected,0,wario-verified,0.154838,4,READY
UD_001_E_092_01,UD_001_E_092,UD_001_E_092_01_a.jpg,UD_001_E_092_01_b.jpg,left,270,human-corrected,90,wario-verified,0.12785,4,READY
UD_001_E_092_02,UD_001_E_092,UD_001_E_092_02_a.jpg,UD_001_E_092_02_b.jpg,left,270,human-corrected,90,wario-verified,0.12785,4,READY
UD_001_E_092_03,UD_001_E_092,UD_001_E_092_03_a.jpg,UD_001_E_092_03_b.jpg,left,270,human-corrected,90,wario-verified,0.12785,4,READY
UD_001_E_092_04,UD_001_E_092,UD_001_E_092_04_a.jpg,UD_001_E_092_04_b.jpg,left,270,human-corrected,90,wario-verified,0.12785,4,READY
UD_001_F_093_01,UD_001_F_093,UD_001_F_093_01_a.jpg,UD_001_F_093_01_b.jpg,left,270,human-confirmed-turtle,90,wario-verified,0.146435,4,READY
UD_001_F_093_02,UD_001_F_093,UD_001_F_093_02_a.jpg,UD_001_F_093_02_b.jpg,left,270,human-confirmed-turtle,90,wario-verified,0.146435,4,READY
UD_001_F_093_03,UD_001_F_093,UD_001_F_093_03_a.jpg,UD_001_F_093_03_b.jpg,left,270,human-confirmed-turtle,90,wario-verified,0.146435,4,READY
UD_001_F_093_04,UD_001_F_093,UD_001_F_093_04_a.jpg,UD_001_F_093_04_b.jpg,left,270,human-confirmed-turtle,90,wario-verified,0.146435,4,READY
UD_001_F_094_01,UD_001_F_094,UD_001_F_094_01_a.jpg,UD_001_F_094_01_b.jpg,left,270,human-confirmed-turtle,90,wario-verified,0.131765,4,READY
UD_001_F_094_02,UD_001_F_094,UD_001_F_094_02_a.jpg,UD_001_F_094_02_b.jpg,left,270,human-confirmed-turtle,90,wario-verified,0.131765,4,READY
UD_001_F_094_03,UD_001_F_094,UD_001_F_094_03_a.jpg,UD_001_F_094_03_b.jpg,left,270,human-confirmed-turtle,90,wario-verified,0.131765,4,READY
UD_001_F_094_04,UD_001_F_094,UD_001_F_094_04_a.jpg,UD_001_F_094_04_b.jpg,left,270,human-confirmed-turtle,90,wario-verified,0.131765,4,READY
UD_001_G_097_01,UD_001_G_097,UD_001_G_097_01_a.jpg,UD_001_G_097_01_b.jpg,left,270,human-corrected,270,human-corrected,0.179223,4,READY
UD_001_G_097_02,UD_001_G_097,UD_001_G_097_02_a.jpg,UD_001_G_097_02_b.jpg,left,270,human-corrected,270,human-corrected,0.179223,4,READY
UD_001_G_097_03,UD_001_G_097,UD_001_G_097_03_a.jpg,UD_001_G_097_03_b.jpg,left,270,human-corrected,270,human-corrected,0.179223,4,READY
UD_001_G_097_04,UD_001_G_097,UD_001_G_097_04_a.jpg,UD_001_G_097_04_b.jpg,left,270,human-corrected,270,human-corrected,0.179223,4,READY
UD_001_G_098_01,UD_001_G_098,UD_001_G_098_01_a.jpg,UD_001_G_098_01_b.jpg,left,270,human-corrected,90,wario-verified,0.15817,4,READY
UD_001_G_098_02,UD_001_G_098,UD_001_G_098_02_a.jpg,UD_001_G_098_02_b.jpg,left,270,human-corrected,90,wario-verified,0.15817,4,READY
UD_001_G_098_03,UD_001_G_098,UD_001_G_098_03_a.jpg,UD_001_G_098_03_b.jpg,left,270,human-corrected,90,wario-verified,0.15817,4,READY
UD_001_G_098_04,UD_001_G_098,UD_001_G_098_04_a.jpg,UD_001_G_098_04_b.jpg,left,270,human-corrected,90,wario-verified,0.15817,4,READY
UD_002_A_0099_01,UD_002_A_0099,UD_002_A_0099_01_a.jpg,UD_002_A_0099_01_b.jpg,bottom,0,human-corrected,270,wario-verified,0.104539,4,READY
UD_002_A_0099_02,UD_002_A_0099,UD_002_A_0099_02_a.jpg,UD_002_A_0099_02_b.jpg,bottom,0,human-corrected,270,wario-verified,0.104539,4,READY
UD_002_A_0099_03,UD_002_A_0099,UD_002_A_0099_03_a.jpg,UD_002_A_0099_03_b.jpg,bottom,0,human-corrected,270,wario-verified,0.104539,4,READY
UD_002_A_0099_04,UD_002_A_0099,UD_002_A_0099_04_a.jpg,UD_002_A_0099_04_b.jpg,bottom,0,human-corrected,270,wario-verified,0.104539,4,READY
UD_002_A_0101_01,UD_002_A_0101,UD_002_A_0101_01_a.jpg,UD_002_A_0101_01_b.jpg,left,270,human-corrected,0,wario-verified,0.086899,4,READY
UD_002_A_0101_02,UD_002_A_0101,UD_002_A_0101_02_a.jpg,UD_002_A_0101_02_b.jpg,left,270,human-corrected,0,wario-verified,0.086899,4,READY
UD_002_A_0101_03,UD_002_A_0101,UD_002_A_0101_03_a.jpg,UD_002_A_0101_03_b.jpg,left,270,human-corrected,0,wario-verified,0.086899,4,READY
UD_002_A_0101_04,UD_002_A_0101,UD_002_A_0101_04_a.jpg,UD_002_A_0101_04_b.jpg,left,270,human-corrected,0,wario-verified,0.086899,4,READY
UD_002_A_0105_01,UD_002_A_0105,UD_002_A_0105_01_a.jpg,UD_002_A_0105_01_b.jpg,top,180,human-corrected,0,wario-verified,0.088004,4,READY
UD_002_A_0105_02,UD_002_A_0105,UD_002_A_0105_02_a.jpg,UD_002_A_0105_02_b.jpg,top,180,human-corrected,0,wario-verified,0.088004,4,READY
UD_002_A_0105_03,UD_002_A_0105,UD_002_A_0105_03_a.jpg,UD_002_A_0105_03_b.jpg,top,180,human-corrected,0,wario-verified,0.088004,4,READY
UD_002_A_0105_04,UD_002_A_0105,UD_002_A_0105_04_a.jpg,UD_002_A_0105_04_b.jpg,top,180,human-corrected,0,wario-verified,0.088004,4,READY
UD_002_A_0107_01,UD_002_A_0107,UD_002_A_0107_01_a.jpg,UD_002_A_0107_01_b.jpg,left,270,human-corrected,0,wario-verified,0.090242,4,READY
UD_002_A_0107_02,UD_002_A_0107,UD_002_A_0107_02_a.jpg,UD_002_A_0107_02_b.jpg,left,270,human-corrected,0,wario-verified,0.090242,4,READY
UD_002_A_0107_03,UD_002_A_0107,UD_002_A_0107_03_a.jpg,UD_002_A_0107_03_b.jpg,left,270,human-corrected,0,wario-verified,0.090242,4,READY
UD_002_A_0107_04,UD_002_A_0107,UD_002_A_0107_04_a.jpg,UD_002_A_0107_04_b.jpg,left,270,human-corrected,0,wario-verified,0.090242,4,READY
UD_002_A_0108_01,UD_002_A_0108,UD_002_A_0108_01_a.jpg,UD_002_A_0108_01_b.jpg,left,270,human-corrected,0,wario-verified,0.063832,4,READY
UD_002_A_0108_02,UD_002_A_0108,UD_002_A_0108_02_a.jpg,UD_002_A_0108_02_b.jpg,left,270,human-corrected,0,wario-verified,0.063832,4,READY
UD_002_A_0108_03,UD_002_A_0108,UD_002_A_0108_03_a.jpg,UD_002_A_0108_03_b.jpg,left,270,human-corrected,0,wario-verified,0.063832,4,READY
UD_002_A_0108_04,UD_002_A_0108,UD_002_A_0108_04_a.jpg,UD_002_A_0108_04_b.jpg,left,270,human-corrected,0,wario-verified,0.063832,4,READY
UD_002_A_0109_01,UD_002_A_0109,UD_002_A_0109_01_a.jpg,UD_002_A_0109_01_b.jpg,bottom,0,human-corrected,180,wario-verified,0.067354,4,READY
UD_002_A_0109_02,UD_002_A_0109,UD_002_A_0109_02_a.jpg,UD_002_A_0109_02_b.jpg,bottom,0,human-corrected,180,wario-verified,0.067354,4,READY
UD_002_A_0109_03,UD_002_A_0109,UD_002_A_0109_03_a.jpg,UD_002_A_0109_03_b.jpg,bottom,0,human-corrected,180,wario-verified,0.067354,4,READY
UD_002_A_0109_04,UD_002_A_0109,UD_002_A_0109_04_a.jpg,UD_002_A_0109_04_b.jpg,bottom,0,human-corrected,180,wario-verified,0.067354,4,READY
UD_002_A_0110_01,UD_002_A_0110,UD_002_A_0110_01_a.jpg,UD_002_A_0110_01_b.jpg,left,270,human-corrected,0,wario-verified,0.090919,4,READY
UD_002_A_0110_02,UD_002_A_0110,UD_002_A_0110_02_a.jpg,UD_002_A_0110_02_b.jpg,left,270,human-corrected,0,wario-verified,0.090919,4,READY
UD_002_A_0110_03,UD_002_A_0110,UD_002_A_0110_03_a.jpg,UD_002_A_0110_03_b.jpg,left,270,human-corrected,0,wario-verified,0.090919,4,READY
UD_002_A_0110_04,UD_002_A_0110,UD_002_A_0110_04_a.jpg,UD_002_A_0110_04_b.jpg,left,270,human-corrected,0,wario-verified,0.090919,4,READY
UD_002_A_0113_01,UD_002_A_0113,UD_002_A_0113_01_a.jpg,UD_002_A_0113_01_b.jpg,left,270,human-corrected,0,wario-verified,0.10471,4,READY
UD_002_A_0113_02,UD_002_A_0113,UD_002_A_0113_02_a.jpg,UD_002_A_0113_02_b.jpg,left,270,human-corrected,0,wario-verified,0.10471,4,READY
UD_002_A_0113_03,UD_002_A_0113,UD_002_A_0113_03_a.jpg,UD_002_A_0113_03_b.jpg,left,270,human-corrected,0,wario-verified,0.10471,4,READY
UD_002_A_0113_04,UD_002_A_0113,UD_002_A_0113_04_a.jpg,UD_002_A_0113_04_b.jpg,left,270,human-corrected,0,wario-verified,0.10471,4,READY
UD_002_B_0001_01,UD_002_B_0001,UD_002_B_0001_01_a.jpg,UD_002_B_0001_01_b.jpg,bottom,0,human-confirmed-turtle,270,wario-verified,0.175454,4,READY
UD_002_B_0001_02,UD_002_B_0001,UD_002_B_0001_02_a.jpg,UD_002_B_0001_02_b.jpg,bottom,0,human-confirmed-turtle,270,wario-verified,0.175454,4,READY
UD_002_B_0001_03,UD_002_B_0001,UD_002_B_0001_03_a.jpg,UD_002_B_0001_03_b.jpg,bottom,0,human-confirmed-turtle,270,wario-verified,0.175454,4,READY
UD_002_B_0001_04,UD_002_B_0001,UD_002_B_0001_04_a.jpg,UD_002_B_0001_04_b.jpg,bottom,0,human-confirmed-turtle,270,wario-verified,0.175454,4,READY
UD_002_B_0002_01,UD_002_B_0002,UD_002_B_0002_01_a.jpg,UD_002_B_0002_01_b.jpg,bottom,0,human-confirmed-turtle,270,wario-verified,0.175953,4,READY
UD_002_B_0002_02,UD_002_B_0002,UD_002_B_0002_02_a.jpg,UD_002_B_0002_02_b.jpg,bottom,0,human-confirmed-turtle,270,wario-verified,0.175953,4,READY
UD_002_B_0002_03,UD_002_B_0002,UD_002_B_0002_03_a.jpg,UD_002_B_0002_03_b.jpg,bottom,0,human-confirmed-turtle,270,wario-verified,0.175953,4,READY
UD_002_B_0002_04,UD_002_B_0002,UD_002_B_0002_04_a.jpg,UD_002_B_0002_04_b.jpg,bottom,0,human-confirmed-turtle,270,wario-verified,0.175953,4,READY
UD_002_B_0003_01,UD_002_B_0003,UD_002_B_0003_01_a.jpg,UD_002_B_0003_01_b.jpg,bottom,0,human-corrected,270,wario-verified,0.157855,4,READY
UD_002_B_0003_02,UD_002_B_0003,UD_002_B_0003_02_a.jpg,UD_002_B_0003_02_b.jpg,bottom,0,human-corrected,270,wario-verified,0.157855,4,READY
UD_002_B_0003_03,UD_002_B_0003,UD_002_B_0003_03_a.jpg,UD_002_B_0003_03_b.jpg,bottom,0,human-corrected,270,wario-verified,0.157855,4,READY
UD_002_B_0003_04,UD_002_B_0003,UD_002_B_0003_04_a.jpg,UD_002_B_0003_04_b.jpg,bottom,0,human-corrected,270,wario-verified,0.157855,4,READY
UD_002_B_0006_01_01,UD_002_B_0006_01,UD_002_B_0006_01_01_a.jpg,UD_002_B_0006_01_01_b.jpg,bottom,0,human-corrected,270,wario-verified,0.170409,4,READY
UD_002_B_0006_01_02,UD_002_B_0006_01,UD_002_B_0006_01_02_a.jpg,UD_002_B_0006_01_02_b.jpg,bottom,0,human-corrected,270,wario-verified,0.170409,4,READY
UD_002_B_0006_01_03,UD_002_B_0006_01,UD_002_B_0006_01_03_a.jpg,UD_002_B_0006_01_03_b.jpg,bottom,0,human-corrected,270,wario-verified,0.170409,4,READY
UD_002_B_0006_01_04,UD_002_B_0006_01,UD_002_B_0006_01_04_a.jpg,UD_002_B_0006_01_04_b.jpg,bottom,0,human-corrected,270,wario-verified,0.170409,4,READY
UD_002_B_0006_02_01,UD_002_B_0006_02,UD_002_B_0006_02_01_a.jpg,UD_002_B_0006_02_01_b.jpg,bottom,0,human-corrected,270,wario-verified,0.170423,4,READY
UD_002_B_0006_02_02,UD_002_B_0006_02,UD_002_B_0006_02_02_a.jpg,UD_002_B_0006_02_02_b.jpg,bottom,0,human-corrected,270,wario-verified,0.170423,4,READY
UD_002_B_0006_02_03,UD_002_B_0006_02,UD_002_B_0006_02_03_a.jpg,UD_002_B_0006_02_03_b.jpg,bottom,0,human-corrected,270,wario-verified,0.170423,4,READY
UD_002_B_0006_02_04,UD_002_B_0006_02,UD_002_B_0006_02_04_a.jpg,UD_002_B_0006_02_04_b.jpg,bottom,0,human-corrected,270,wario-verified,0.170423,4,READY
UD_002_B_0006_03_01,UD_002_B_0006_03,UD_002_B_0006_03_01_a.jpg,UD_002_B_0006_03_01_b.jpg,bottom,0,human-corrected,270,wario-verified,0.170409,4,READY
UD_002_B_0006_03_02,UD_002_B_0006_03,UD_002_B_0006_03_02_a.jpg,UD_002_B_0006_03_02_b.jpg,bottom,0,human-corrected,270,wario-verified,0.170409,4,READY
UD_002_B_0006_03_03,UD_002_B_0006_03,UD_002_B_0006_03_03_a.jpg,UD_002_B_0006_03_03_b.jpg,bottom,0,human-corrected,270,wario-verified,0.170409,4,READY
UD_002_B_0006_03_04,UD_002_B_0006_03,UD_002_B_0006_03_04_a.jpg,UD_002_B_0006_03_04_b.jpg,bottom,0,human-corrected,270,wario-verified,0.170409,4,READY
UD_002_B_0006_04_01,UD_002_B_0006_04,UD_002_B_0006_04_01_a.jpg,UD_002_B_0006_04_01_b.jpg,bottom,0,human-corrected,270,wario-verified,0.170423,4,READY
UD_002_B_0006_04_02,UD_002_B_0006_04,UD_002_B_0006_04_02_a.jpg,UD_002_B_0006_04_02_b.jpg,bottom,0,human-corrected,270,wario-verified,0.170423,4,READY
UD_002_B_0006_04_03,UD_002_B_0006_04,UD_002_B_0006_04_03_a.jpg,UD_002_B_0006_04_03_b.jpg,bottom,0,human-corrected,270,wario-verified,0.170423,4,READY
UD_002_B_0006_04_04,UD_002_B_0006_04,UD_002_B_0006_04_04_a.jpg,UD_002_B_0006_04_04_b.jpg,bottom,0,human-corrected,270,wario-verified,0.170423,4,READY
